instance,config,seed,best,n_evals,n_iterations,gap,auc,ttt,target,q25,q50,q75,q100,selector,host
eil51,serene-full|ALNS,0,448.0,1500,1499,0.05164319248826299,0.24820512820512822,1501,430.26,453.0,449.0,448.0,448.0,serene-full,ALNS
eil51,serene-full|ALNS,1,449.0,1500,1499,0.0539906103286385,0.3003333333333334,1501,430.26,459.0,459.0,450.0,449.0,serene-full,ALNS
eil51,serene-full|ALNS,2,464.0,1500,1499,0.08920187793427226,0.38433333333333325,1501,430.26,464.0,464.0,464.0,464.0,serene-full,ALNS
eil51,serene-full|ALNS,3,433.0,1500,1499,0.016431924882629012,0.1348653846153846,1501,430.26,442.0,433.0,433.0,433.0,serene-full,ALNS
eil51,serene-full|ALNS,4,443.0,1500,1499,0.039906103286385,0.20762820512820512,1501,430.26,445.0,445.0,445.0,443.0,serene-full,ALNS
eil51,serene-noctx|ALNS,0,455.0,1500,1499,0.068075117370892,0.3113397435897435,1501,430.26,456.0,455.0,455.0,455.0,serene-noctx,ALNS
eil51,serene-noctx|ALNS,1,459.0,1500,1499,0.07746478873239426,0.3262115384615385,1501,430.26,459.0,459.0,459.0,459.0,serene-noctx,ALNS
eil51,serene-noctx|ALNS,2,436.0,1500,1499,0.023474178403755763,0.22726923076923075,1501,430.26,458.0,448.0,445.0,436.0,serene-noctx,ALNS
eil51,serene-noctx|ALNS,3,459.0,1500,1499,0.07746478873239426,0.3316666666666667,1501,430.26,459.0,459.0,459.0,459.0,serene-noctx,ALNS
eil51,serene-noctx|ALNS,4,450.0,1500,1499,0.05633802816901401,0.25448076923076923,1501,430.26,451.0,451.0,451.0,450.0,serene-noctx,ALNS
eil51,serene-nogate|ALNS,0,451.0,1500,1499,0.05868544600938974,0.27362179487179483,1501,430.26,453.0,453.0,453.0,451.0,serene-nogate,ALNS
eil51,serene-nogate|ALNS,1,441.0,1500,1499,0.035211267605633756,0.201775641025641,1501,430.26,457.0,441.0,441.0,441.0,serene-nogate,ALNS
eil51,serene-nogate|ALNS,2,435.0,1500,1499,0.021126760563380254,0.2921858974358974,1501,430.26,463.0,453.0,453.0,435.0,serene-nogate,ALNS
eil51,serene-nogate|ALNS,3,447.0,1500,1499,0.04929577464788726,0.28882051282051285,1501,430.26,458.0,458.0,450.0,447.0,serene-nogate,ALNS
eil51,serene-nogate|ALNS,4,447.0,1500,1499,0.04929577464788726,0.23095512820512826,1501,430.26,447.0,447.0,447.0,447.0,serene-nogate,ALNS
eil51,serene-plainTS|ALNS,0,455.0,1500,1499,0.068075117370892,0.3084743589743589,1501,430.26,455.0,455.0,455.0,455.0,serene-plainTS,ALNS
eil51,serene-plainTS|ALNS,1,448.0,1500,1499,0.05164319248826299,0.2844679487179487,1501,430.26,454.0,454.0,453.0,448.0,serene-plainTS,ALNS
eil51,serene-plainTS|ALNS,2,453.0,1500,1499,0.06338028169014076,0.3693782051282052,1501,430.26,473.0,459.0,459.0,453.0,serene-plainTS,ALNS
eil51,serene-plainTS|ALNS,3,446.0,1500,1499,0.04694835680751175,0.2914294871794872,1501,430.26,461.0,454.0,454.0,446.0,serene-plainTS,ALNS
eil51,serene-plainTS|ALNS,4,448.0,1500,1499,0.05164319248826299,0.24945512820512822,1501,430.26,452.0,450.0,448.0,448.0,serene-plainTS,ALNS
eil51,serene-noexpl|ALNS,0,435.0,1500,1499,0.021126760563380254,0.12302564102564104,1501,430.26,442.0,435.0,435.0,435.0,serene-noexpl,ALNS
eil51,serene-noexpl|ALNS,1,443.0,1500,1499,0.039906103286385,0.1922307692307692,1501,430.26,445.0,445.0,443.0,443.0,serene-noexpl,ALNS
eil51,serene-noexpl|ALNS,2,445.0,1500,1499,0.04460093896713624,0.3648461538461538,1501,430.26,465.0,464.0,461.0,445.0,serene-noexpl,ALNS
eil51,serene-noexpl|ALNS,3,449.0,1500,1499,0.0539906103286385,0.2561025641025641,1501,430.26,452.0,452.0,451.0,449.0,serene-noexpl,ALNS
eil51,serene-noexpl|ALNS,4,441.0,1500,1499,0.035211267605633756,0.17689743589743587,1501,430.26,441.0,441.0,441.0,441.0,serene-noexpl,ALNS
eil51,roulette|ALNS,0,449.0,1500,1499,0.0539906103286385,0.2515384615384616,1501,430.26,449.0,449.0,449.0,449.0,roulette,ALNS
eil51,roulette|ALNS,1,448.0,1500,1499,0.05164319248826299,0.22844871794871793,1501,430.26,448.0,448.0,448.0,448.0,roulette,ALNS
eil51,roulette|ALNS,2,464.0,1500,1499,0.08920187793427226,0.3839807692307692,1501,430.26,465.0,465.0,465.0,464.0,roulette,ALNS
eil51,roulette|ALNS,3,441.0,1500,1499,0.035211267605633756,0.21880128205128202,1501,430.26,449.0,444.0,441.0,441.0,roulette,ALNS
eil51,roulette|ALNS,4,455.0,1500,1499,0.068075117370892,0.2951282051282051,1501,430.26,455.0,455.0,455.0,455.0,roulette,ALNS
eil51,uniform|ALNS,0,448.0,1500,1499,0.05164319248826299,0.25184615384615383,1501,430.26,449.0,448.0,448.0,448.0,uniform,ALNS
eil51,uniform|ALNS,1,454.0,1500,1499,0.06572769953051649,0.3393782051282051,1501,430.26,458.0,458.0,458.0,454.0,uniform,ALNS
eil51,uniform|ALNS,2,456.0,1500,1499,0.07042253521126751,0.4151730769230769,1501,430.26,470.0,469.0,467.0,456.0,uniform,ALNS
eil51,uniform|ALNS,3,459.0,1500,1499,0.07746478873239426,0.3224038461538462,1501,430.26,459.0,459.0,459.0,459.0,uniform,ALNS
eil51,uniform|ALNS,4,446.0,1500,1499,0.04694835680751175,0.25535897435897437,1501,430.26,455.0,446.0,446.0,446.0,uniform,ALNS
berlin52,serene-full|ALNS,0,8124.0,1500,1499,0.07716785998408904,0.272969031752254,1501,7617.42,8222.0,8124.0,8124.0,8124.0,serene-full,ALNS
berlin52,serene-full|ALNS,1,8062.0,1500,1499,0.06894722885176341,0.2582051483078532,1501,7617.42,8246.0,8246.0,8062.0,8062.0,serene-full,ALNS
berlin52,serene-full|ALNS,2,8087.0,1500,1499,0.07226199946963674,0.24625976741147262,1501,7617.42,8146.0,8087.0,8087.0,8087.0,serene-full,ALNS
berlin52,serene-full|ALNS,3,8422.0,1500,1499,0.11667992574913821,0.41762524500195997,1501,7617.42,8628.0,8475.0,8433.0,8422.0,serene-full,ALNS
berlin52,serene-full|ALNS,4,7715.0,1500,1499,0.022938212675682745,0.08868208545668366,1501,7617.42,7757.0,7741.0,7738.0,7715.0,serene-full,ALNS
berlin52,serene-noctx|ALNS,0,8089.0,1500,1499,0.07252718111906664,0.30043068077877966,1501,7617.42,8371.0,8371.0,8089.0,8089.0,serene-noctx,ALNS
berlin52,serene-noctx|ALNS,1,7867.0,1500,1499,0.043092018032352186,0.17003841630733044,1501,7617.42,7867.0,7867.0,7867.0,7867.0,serene-noctx,ALNS
berlin52,serene-noctx|ALNS,2,8362.0,1500,1499,0.10872447626624249,0.3731192996210637,1501,7617.42,8599.0,8417.0,8362.0,8362.0,serene-noctx,ALNS
berlin52,serene-noctx|ALNS,3,8006.0,1500,1499,0.061522142667727486,0.24083522801515744,1501,7617.42,8246.0,8006.0,8006.0,8006.0,serene-noctx,ALNS
berlin52,serene-noctx|ALNS,4,7804.0,1500,1499,0.034738796075311607,0.13655559911145956,1501,7617.42,7907.0,7869.0,7843.0,7804.0,serene-noctx,ALNS
berlin52,serene-nogate|ALNS,0,7820.0,1500,1499,0.03686024927075038,0.15805932314125182,1501,7617.42,7841.0,7820.0,7820.0,7820.0,serene-nogate,ALNS
berlin52,serene-nogate|ALNS,1,8156.0,1500,1499,0.0814107663749668,0.3069695544231021,1501,7617.42,8295.0,8295.0,8295.0,8156.0,serene-nogate,ALNS
berlin52,serene-nogate|ALNS,2,7996.0,1500,1499,0.0601962344205782,0.25855873513654776,1501,7617.42,8608.0,7996.0,7996.0,7996.0,serene-nogate,ALNS
berlin52,serene-nogate|ALNS,3,7749.0,1500,1499,0.027446300715990413,0.29433267999477325,1501,7617.42,8556.0,8336.0,7816.0,7749.0,serene-nogate,ALNS
berlin52,serene-nogate|ALNS,4,7869.0,1500,1499,0.04335719968178209,0.16424643930484775,1501,7617.42,8043.0,7869.0,7869.0,7869.0,serene-nogate,ALNS
berlin52,serene-plainTS|ALNS,0,8142.0,1500,1499,0.07955449482895793,0.29076336077355286,1501,7617.42,8249.0,8142.0,8142.0,8142.0,serene-plainTS,ALNS
berlin52,serene-plainTS|ALNS,1,8219.0,1500,1499,0.08976398833200738,0.32261988762576765,1501,7617.42,8370.0,8370.0,8236.0,8219.0,serene-plainTS,ALNS
berlin52,serene-plainTS|ALNS,2,8032.0,1500,1499,0.06496950411031555,0.28492094603423496,1501,7617.42,8342.0,8154.0,8032.0,8032.0,serene-plainTS,ALNS
berlin52,serene-plainTS|ALNS,3,7893.0,1500,1499,0.046539379474940246,0.2793829870638965,1501,7617.42,8671.0,7893.0,7893.0,7893.0,serene-plainTS,ALNS
berlin52,serene-plainTS|ALNS,4,7848.0,1500,1499,0.04057279236276856,0.1486423624722331,1501,7617.42,7955.0,7892.0,7892.0,7848.0,serene-plainTS,ALNS
berlin52,serene-noexpl|ALNS,0,8259.0,1500,1499,0.09506762132060453,0.3674880439043512,1501,7617.42,8830.0,8259.0,8259.0,8259.0,serene-noexpl,ALNS
berlin52,serene-noexpl|ALNS,1,8032.0,1500,1499,0.06496950411031555,0.20348673722723112,1501,7617.42,8032.0,8032.0,8032.0,8032.0,serene-noexpl,ALNS
berlin52,serene-noexpl|ALNS,2,8032.0,1500,1499,0.06496950411031555,0.2290375016333464,1501,7617.42,8135.0,8127.0,8032.0,8032.0,serene-noexpl,ALNS
berlin52,serene-noexpl|ALNS,3,7846.0,1500,1499,0.04030761071333866,0.18697713315039854,1501,7617.42,7952.0,7846.0,7846.0,7846.0,serene-noexpl,ALNS
berlin52,serene-noexpl|ALNS,4,7673.0,1500,1499,0.017369398037655692,0.10713419574023259,1501,7617.42,7916.0,7789.0,7673.0,7673.0,serene-noexpl,ALNS
berlin52,roulette|ALNS,0,7982.0,1500,1499,0.05833996287456911,0.30693401280543575,1501,7617.42,8683.0,8113.0,7982.0,7982.0,roulette,ALNS
berlin52,roulette|ALNS,1,8013.0,1500,1499,0.06245027844073192,0.33611969162419963,1501,7617.42,8686.0,8258.0,8013.0,8013.0,roulette,ALNS
berlin52,roulette|ALNS,2,8013.0,1500,1499,0.06245027844073192,0.24231203449627597,1501,7617.42,8195.0,8107.0,8013.0,8013.0,roulette,ALNS
berlin52,roulette|ALNS,3,8304.0,1500,1499,0.10103420843277644,0.3760334509342741,1501,7617.42,8320.0,8315.0,8304.0,8304.0,roulette,ALNS
berlin52,roulette|ALNS,4,7803.0,1500,1499,0.034606205250596656,0.14474820331895988,1501,7617.42,7916.0,7869.0,7869.0,7803.0,roulette,ALNS
berlin52,uniform|ALNS,0,8195.0,1500,1499,0.086581808538849,0.333751208676336,1501,7617.42,8450.0,8297.0,8225.0,8195.0,uniform,ALNS
berlin52,uniform|ALNS,1,8053.0,1500,1499,0.06775391142932907,0.2831211289690318,1501,7617.42,8423.0,8202.0,8061.0,8053.0,uniform,ALNS
berlin52,uniform|ALNS,2,8140.0,1500,1499,0.07928931317952803,0.3000026133542401,1501,7617.42,8422.0,8169.0,8140.0,8140.0,uniform,ALNS
berlin52,uniform|ALNS,3,8040.0,1500,1499,0.06603023070803493,0.3829755651378544,1501,7617.42,8858.0,8357.0,8040.0,8040.0,uniform,ALNS
berlin52,uniform|ALNS,4,7869.0,1500,1499,0.04335719968178209,0.13899307461126356,1501,7617.42,7892.0,7869.0,7869.0,7869.0,uniform,ALNS
st70,serene-full|ALNS,0,696.0,1500,1499,0.03111111111111109,0.26750161812297735,1501,681.75,746.0,735.0,696.0,696.0,serene-full,ALNS
st70,serene-full|ALNS,1,752.0,1500,1499,0.114074074074074,0.39455987055016173,1501,681.75,759.0,752.0,752.0,752.0,serene-full,ALNS
st70,serene-full|ALNS,2,731.0,1500,1499,0.0829629629629629,0.31127831715210347,1501,681.75,739.0,739.0,733.0,731.0,serene-full,ALNS
st70,serene-full|ALNS,3,728.0,1500,1499,0.07851851851851843,0.2847961165048544,1501,681.75,731.0,728.0,728.0,728.0,serene-full,ALNS
st70,serene-full|ALNS,4,719.0,1500,1499,0.06518518518518523,0.23922006472491905,1501,681.75,721.0,720.0,719.0,719.0,serene-full,ALNS
st70,serene-noctx|ALNS,0,725.0,1500,1499,0.07407407407407418,0.33799352750809064,1501,681.75,768.0,739.0,726.0,725.0,serene-noctx,ALNS
st70,serene-noctx|ALNS,1,742.0,1500,1499,0.09925925925925916,0.40526860841423945,1501,681.75,762.0,760.0,751.0,742.0,serene-noctx,ALNS
st70,serene-noctx|ALNS,2,727.0,1500,1499,0.07703703703703701,0.30837540453074425,1501,681.75,741.0,741.0,729.0,727.0,serene-noctx,ALNS
st70,serene-noctx|ALNS,3,717.0,1500,1499,0.06222222222222218,0.3137605177993527,1501,681.75,755.0,732.0,721.0,717.0,serene-noctx,ALNS
st70,serene-noctx|ALNS,4,734.0,1500,1499,0.08740740740740738,0.34119741100323625,1501,681.75,743.0,741.0,740.0,734.0,serene-noctx,ALNS
st70,serene-nogate|ALNS,0,753.0,1500,1499,0.11555555555555563,0.45205825242718445,1501,681.75,778.0,766.0,761.0,753.0,serene-nogate,ALNS
st70,serene-nogate|ALNS,1,734.0,1500,1499,0.08740740740740738,0.38561488673139155,1501,681.75,759.0,757.0,743.0,734.0,serene-nogate,ALNS
st70,serene-nogate|ALNS,2,762.0,1500,1499,0.12888888888888883,0.5008252427184466,1501,681.75,781.0,780.0,762.0,762.0,serene-nogate,ALNS
st70,serene-nogate|ALNS,3,747.0,1500,1499,0.10666666666666669,0.43554045307443356,1501,681.75,760.0,759.0,759.0,747.0,serene-nogate,ALNS
st70,serene-nogate|ALNS,4,731.0,1500,1499,0.0829629629629629,0.31848220064724914,1501,681.75,743.0,731.0,731.0,731.0,serene-nogate,ALNS
st70,serene-plainTS|ALNS,0,739.0,1500,1499,0.09481481481481491,0.4219611650485437,1501,681.75,783.0,761.0,739.0,739.0,serene-plainTS,ALNS
st70,serene-plainTS|ALNS,1,752.0,1500,1499,0.114074074074074,0.39339805825242713,1501,681.75,752.0,752.0,752.0,752.0,serene-plainTS,ALNS
st70,serene-plainTS|ALNS,2,759.0,1500,1499,0.12444444444444436,0.5179417475728156,1501,681.75,789.0,768.0,768.0,759.0,serene-plainTS,ALNS
st70,serene-plainTS|ALNS,3,724.0,1500,1499,0.07259259259259254,0.3541618122977346,1501,681.75,741.0,738.0,738.0,724.0,serene-plainTS,ALNS
st70,serene-plainTS|ALNS,4,744.0,1500,1499,0.10222222222222221,0.35229449838187704,1501,681.75,744.0,744.0,744.0,744.0,serene-plainTS,ALNS
st70,serene-noexpl|ALNS,0,723.0,1500,1499,0.07111111111111112,0.3806569579288026,1501,681.75,781.0,745.0,727.0,723.0,serene-noexpl,ALNS
st70,serene-noexpl|ALNS,1,731.0,1500,1499,0.0829629629629629,0.296135922330097,1501,681.75,742.0,731.0,731.0,731.0,serene-noexpl,ALNS
st70,serene-noexpl|ALNS,2,728.0,1500,1499,0.07851851851851843,0.3664239482200647,1501,681.75,744.0,737.0,737.0,728.0,serene-noexpl,ALNS
st70,serene-noexpl|ALNS,3,722.0,1500,1499,0.06962962962962971,0.2771521035598706,1501,681.75,745.0,722.0,722.0,722.0,serene-noexpl,ALNS
st70,serene-noexpl|ALNS,4,708.0,1500,1499,0.04888888888888898,0.2030647249190938,1501,681.75,710.0,708.0,708.0,708.0,serene-noexpl,ALNS
st70,roulette|ALNS,0,760.0,1500,1499,0.125925925925926,0.5191747572815533,1501,681.75,783.0,783.0,783.0,760.0,roulette,ALNS
st70,roulette|ALNS,1,712.0,1500,1499,0.05481481481481487,0.2806957928802589,1501,681.75,764.0,713.0,712.0,712.0,roulette,ALNS
st70,roulette|ALNS,2,712.0,1500,1499,0.05481481481481487,0.25408414239482197,1501,681.75,725.0,725.0,725.0,712.0,roulette,ALNS
st70,roulette|ALNS,3,750.0,1500,1499,0.11111111111111116,0.41093527508090605,1501,681.75,759.0,750.0,750.0,750.0,roulette,ALNS
st70,roulette|ALNS,4,766.0,1500,1499,0.13481481481481472,0.4874919093851133,1501,681.75,782.0,766.0,766.0,766.0,roulette,ALNS
st70,uniform|ALNS,0,728.0,1500,1499,0.07851851851851843,0.37306148867313915,1501,681.75,753.0,753.0,743.0,728.0,uniform,ALNS
st70,uniform|ALNS,1,736.0,1500,1499,0.09037037037037043,0.3365080906148867,1501,681.75,747.0,737.0,736.0,736.0,uniform,ALNS
st70,uniform|ALNS,2,746.0,1500,1499,0.10518518518518527,0.5607508090614887,1501,681.75,798.0,791.0,780.0,746.0,uniform,ALNS
st70,uniform|ALNS,3,698.0,1500,1499,0.034074074074074145,0.21856634304207118,1501,681.75,738.0,698.0,698.0,698.0,uniform,ALNS
st70,uniform|ALNS,4,691.0,1500,1499,0.023703703703703782,0.24105501618122974,1501,681.75,731.0,727.0,718.0,691.0,uniform,ALNS
eil76,serene-full|ALNS,0,563.0,1500,1499,0.04646840148698894,0.23323270440251573,1501,543.38,567.0,567.0,567.0,563.0,serene-full,ALNS
eil76,serene-full|ALNS,1,570.0,1500,1499,0.059479553903345694,0.2580796645702306,1501,543.38,572.0,570.0,570.0,570.0,serene-full,ALNS
eil76,serene-full|ALNS,2,555.0,1500,1499,0.03159851301115246,0.15535010482180292,1501,543.38,556.0,555.0,555.0,555.0,serene-full,ALNS
eil76,serene-full|ALNS,3,557.0,1500,1499,0.03531598513011147,0.14396226415094338,1501,543.38,559.0,557.0,557.0,557.0,serene-full,ALNS
eil76,serene-full|ALNS,4,571.0,1500,1499,0.0613382899628252,0.28338364779874214,1501,543.38,585.0,576.0,571.0,571.0,serene-full,ALNS
eil76,serene-noctx|ALNS,0,584.0,1500,1499,0.08550185873605942,0.3842515723270441,1501,543.38,597.0,597.0,587.0,584.0,serene-noctx,ALNS
eil76,serene-noctx|ALNS,1,569.0,1500,1499,0.05762081784386619,0.2504150943396226,1501,543.38,573.0,569.0,569.0,569.0,serene-noctx,ALNS
eil76,serene-noctx|ALNS,2,554.0,1500,1499,0.029739776951672958,0.17435639412997905,1501,543.38,568.0,565.0,559.0,554.0,serene-noctx,ALNS
eil76,serene-noctx|ALNS,3,566.0,1500,1499,0.052044609665427455,0.22059119496855348,1501,543.38,570.0,570.0,570.0,566.0,serene-noctx,ALNS
eil76,serene-noctx|ALNS,4,575.0,1500,1499,0.06877323420074344,0.2644192872117401,1501,543.38,579.0,576.0,576.0,575.0,serene-noctx,ALNS
eil76,serene-nogate|ALNS,0,580.0,1500,1499,0.07806691449814118,0.3637190775681341,1501,543.38,594.0,580.0,580.0,580.0,serene-nogate,ALNS
eil76,serene-nogate|ALNS,1,573.0,1500,1499,0.06505576208178443,0.35070859538784066,1501,543.38,588.0,587.0,583.0,573.0,serene-nogate,ALNS
eil76,serene-nogate|ALNS,2,562.0,1500,1499,0.044609665427509215,0.22134171907756817,1501,543.38,579.0,566.0,566.0,562.0,serene-nogate,ALNS
eil76,serene-nogate|ALNS,3,563.0,1500,1499,0.04646840148698894,0.20646540880503145,1501,543.38,575.0,563.0,563.0,563.0,serene-nogate,ALNS
eil76,serene-nogate|ALNS,4,578.0,1500,1499,0.07434944237918217,0.37488888888888894,1501,543.38,606.0,597.0,592.0,578.0,serene-nogate,ALNS
eil76,serene-plainTS|ALNS,0,558.0,1500,1499,0.037174721189590976,0.32940880503144654,1501,543.38,598.0,584.0,570.0,558.0,serene-plainTS,ALNS
eil76,serene-plainTS|ALNS,1,578.0,1500,1499,0.07434944237918217,0.3535932914046122,1501,543.38,603.0,578.0,578.0,578.0,serene-plainTS,ALNS
eil76,serene-plainTS|ALNS,2,579.0,1500,1499,0.07620817843866168,0.29690985324947594,1501,543.38,579.0,579.0,579.0,579.0,serene-plainTS,ALNS
eil76,serene-plainTS|ALNS,3,554.0,1500,1499,0.029739776951672958,0.24237316561844863,1501,543.38,587.0,563.0,557.0,554.0,serene-plainTS,ALNS
eil76,serene-plainTS|ALNS,4,570.0,1500,1499,0.059479553903345694,0.24048218029350105,1501,543.38,570.0,570.0,570.0,570.0,serene-plainTS,ALNS
eil76,serene-noexpl|ALNS,0,573.0,1500,1499,0.06505576208178443,0.305538784067086,1501,543.38,582.0,577.0,575.0,573.0,serene-noexpl,ALNS
eil76,serene-noexpl|ALNS,1,554.0,1500,1499,0.029739776951672958,0.14753039832285114,1501,543.38,561.0,556.0,554.0,554.0,serene-noexpl,ALNS
eil76,serene-noexpl|ALNS,2,558.0,1500,1499,0.037174721189590976,0.19377358490566038,1501,543.38,571.0,563.0,563.0,558.0,serene-noexpl,ALNS
eil76,serene-noexpl|ALNS,3,559.0,1500,1499,0.0390334572490707,0.18256603773584906,1501,543.38,562.0,562.0,560.0,559.0,serene-noexpl,ALNS
eil76,serene-noexpl|ALNS,4,557.0,1500,1499,0.03531598513011147,0.16928301886792452,1501,543.38,574.0,559.0,559.0,557.0,serene-noexpl,ALNS
eil76,roulette|ALNS,0,584.0,1500,1499,0.08550185873605942,0.3804360587002097,1501,543.38,600.0,584.0,584.0,584.0,roulette,ALNS
eil76,roulette|ALNS,1,573.0,1500,1499,0.06505576208178443,0.35011320754716985,1501,543.38,601.0,578.0,578.0,573.0,roulette,ALNS
eil76,roulette|ALNS,2,567.0,1500,1499,0.05390334572490696,0.26164360587002095,1501,543.38,580.0,574.0,567.0,567.0,roulette,ALNS
eil76,roulette|ALNS,3,556.0,1500,1499,0.03345724907063197,0.15671698113207544,1501,543.38,559.0,556.0,556.0,556.0,roulette,ALNS
eil76,roulette|ALNS,4,562.0,1500,1499,0.044609665427509215,0.348670859538784,1501,543.38,591.0,591.0,587.0,562.0,roulette,ALNS
eil76,uniform|ALNS,0,593.0,1500,1499,0.1022304832713754,0.43039832285115304,1501,543.38,609.0,596.0,593.0,593.0,uniform,ALNS
eil76,uniform|ALNS,1,579.0,1500,1499,0.07620817843866168,0.3411530398322852,1501,543.38,597.0,589.0,579.0,579.0,uniform,ALNS
eil76,uniform|ALNS,2,562.0,1500,1499,0.044609665427509215,0.2701383647798742,1501,543.38,594.0,574.0,569.0,562.0,uniform,ALNS
eil76,uniform|ALNS,3,573.0,1500,1499,0.06505576208178443,0.30572327044025155,1501,543.38,589.0,587.0,577.0,573.0,uniform,ALNS
eil76,uniform|ALNS,4,561.0,1500,1499,0.04275092936802971,0.1858993710691824,1501,543.38,566.0,562.0,561.0,561.0,uniform,ALNS
pr76,serene-full|ALNS,0,118841.0,1500,1499,0.09876200778483524,0.3177797115726678,1501,109240.59,127093.0,119282.0,118841.0,118841.0,serene-full,ALNS
pr76,serene-full|ALNS,1,124851.0,1500,1499,0.1543283499292707,0.3629718277098213,1501,109240.59,125785.0,125785.0,124941.0,124851.0,serene-full,ALNS
pr76,serene-full|ALNS,2,110370.0,1500,1499,0.020442126868776445,0.24774282352297294,1501,109240.59,119992.0,116461.0,115720.0,110370.0,serene-full,ALNS
pr76,serene-full|ALNS,3,118759.0,1500,1499,0.09800386468070155,0.3096848644063158,1501,109240.59,125394.0,121827.0,118759.0,118759.0,serene-full,ALNS
pr76,serene-full|ALNS,4,111851.0,1500,1499,0.03413493098124065,0.1906184084503188,1501,109240.59,122167.0,111889.0,111851.0,111851.0,serene-full,ALNS
pr76,serene-noctx|ALNS,0,124636.0,1500,1499,0.1523405356928227,0.41676196535588217,1501,109240.59,130169.0,125663.0,124780.0,124636.0,serene-noctx,ALNS
pr76,serene-noctx|ALNS,1,119773.0,1500,1499,0.10737895135864783,0.3495055687819828,1501,109240.59,126129.0,125063.0,123800.0,119773.0,serene-noctx,ALNS
pr76,serene-noctx|ALNS,2,112547.0,1500,1499,0.040569901718765955,0.146849150316066,1501,109240.59,114108.0,113369.0,113234.0,112547.0,serene-noctx,ALNS
pr76,serene-noctx|ALNS,3,110862.0,1500,1499,0.02499098549357881,0.16944016637933393,1501,109240.59,121930.0,113376.0,110862.0,110862.0,serene-noctx,ALNS
pr76,serene-noctx|ALNS,4,114118.0,1500,1499,0.05509481411625483,0.3253874613469064,1501,109240.59,132484.0,120020.0,114118.0,114118.0,serene-noctx,ALNS
pr76,serene-nogate|ALNS,0,118609.0,1500,1499,0.09661701753899354,0.3853174889855786,1501,109240.59,127107.0,125513.0,123918.0,118609.0,serene-nogate,ALNS
pr76,serene-nogate|ALNS,1,120334.0,1500,1499,0.11256575966863602,0.36063298032454916,1501,109240.59,125222.0,125098.0,123116.0,120334.0,serene-nogate,ALNS
pr76,serene-nogate|ALNS,2,124326.0,1500,1499,0.14947438493329268,0.4086382207262677,1501,109240.59,126122.0,126122.0,126122.0,124326.0,serene-nogate,ALNS
pr76,serene-nogate|ALNS,3,126017.0,1500,1499,0.165108775044148,0.4314296855758969,1501,109240.59,127579.0,126119.0,126017.0,126017.0,serene-nogate,ALNS
pr76,serene-nogate|ALNS,4,111706.0,1500,1499,0.03279431207758954,0.3162870043510385,1501,109240.59,131226.0,119101.0,113490.0,111706.0,serene-nogate,ALNS
pr76,serene-plainTS|ALNS,0,123260.0,1500,1499,0.13961852457955426,0.4435007525381058,1501,109240.59,134337.0,126025.0,125823.0,123260.0,serene-plainTS,ALNS
pr76,serene-plainTS|ALNS,1,112920.0,1500,1499,0.04401852827781316,0.2113528719590619,1501,109240.59,119658.0,116312.0,114041.0,112920.0,serene-plainTS,ALNS
pr76,serene-plainTS|ALNS,2,111603.0,1500,1499,0.03184201037361656,0.2539457214788058,1501,109240.59,126758.0,113875.0,111958.0,111603.0,serene-plainTS,ALNS
pr76,serene-plainTS|ALNS,3,115063.0,1500,1499,0.06383195110901552,0.3099211203240019,1501,109240.59,129782.0,115780.0,115780.0,115063.0,serene-plainTS,ALNS
pr76,serene-plainTS|ALNS,4,115417.0,1500,1499,0.06710491036344646,0.3562862107653996,1501,109240.59,127073.0,122026.0,118577.0,115417.0,serene-plainTS,ALNS
pr76,serene-noexpl|ALNS,0,110426.0,1500,1499,0.02095988313501418,0.11565054866869165,1501,109240.59,113625.0,110426.0,110426.0,110426.0,serene-noexpl,ALNS
pr76,serene-noexpl|ALNS,1,122575.0,1500,1499,0.13328525596575402,0.33276910762663164,1501,109240.59,125531.0,123763.0,122575.0,122575.0,serene-noexpl,ALNS
pr76,serene-noexpl|ALNS,2,121320.0,1500,1499,0.12168196821346355,0.3349785595052404,1501,109240.59,123967.0,123311.0,123311.0,121320.0,serene-noexpl,ALNS
pr76,serene-noexpl|ALNS,3,120769.0,1500,1499,0.11658761637958936,0.303036067099034,1501,109240.59,122778.0,121047.0,121047.0,120769.0,serene-noexpl,ALNS
pr76,serene-noexpl|ALNS,4,108444.0,1500,1499,0.002635009569245339,0.26111922940097965,1269,109240.59,123450.0,123398.0,110568.0,108444.0,serene-noexpl,ALNS
pr76,roulette|ALNS,0,120467.0,1500,1499,0.11379543080095056,0.4109774649043592,1501,109240.59,134632.0,125567.0,120512.0,120467.0,roulette,ALNS
pr76,roulette|ALNS,1,126576.0,1500,1499,0.17027709205891317,0.42073573598226754,1501,109240.59,128662.0,128573.0,127330.0,126576.0,roulette,ALNS
pr76,roulette|ALNS,2,113631.0,1500,1499,0.050592183729509355,0.17402757025969406,1501,109240.59,117483.0,115898.0,115896.0,113631.0,roulette,ALNS
pr76,roulette|ALNS,3,116471.0,1500,1499,0.0768498229458483,0.24382339983033685,1501,109240.59,121669.0,120256.0,116898.0,116471.0,roulette,ALNS
pr76,roulette|ALNS,4,113554.0,1500,1499,0.04988026886343255,0.3617094108310757,1501,109240.59,138056.0,125833.0,113554.0,113554.0,roulette,ALNS
pr76,uniform|ALNS,0,113165.0,1500,1499,0.046283711942602945,0.38012358043948224,1501,109240.59,131318.0,122444.0,119760.0,113165.0,uniform,ALNS
pr76,uniform|ALNS,1,128517.0,1500,1499,0.1882228940726154,0.441446816079687,1501,109240.59,131029.0,128517.0,128517.0,128517.0,uniform,ALNS
pr76,uniform|ALNS,2,111897.0,1500,1499,0.034560230771364386,0.19075850368059544,1501,109240.59,114380.0,113908.0,113464.0,111897.0,uniform,ALNS
pr76,uniform|ALNS,3,124632.0,1500,1499,0.1523035531023771,0.46302970473141236,1501,109240.59,131491.0,128157.0,125291.0,124632.0,uniform,ALNS
pr76,uniform|ALNS,4,117362.0,1500,1499,0.08508769496759405,0.36674546424759874,1501,109240.59,133612.0,121977.0,117969.0,117362.0,uniform,ALNS
rat99,serene-full|ALNS,0,1295.0,1500,1499,0.06936416184971095,0.34352734778121774,1501,1223.11,1332.0,1308.0,1295.0,1295.0,serene-full,ALNS
rat99,serene-full|ALNS,1,1277.0,1500,1499,0.05450041288191576,0.3174798761609907,1501,1223.11,1321.0,1299.0,1277.0,1277.0,serene-full,ALNS
rat99,serene-full|ALNS,2,1279.0,1500,1499,0.056151940545004164,0.38788441692466463,1501,1223.11,1364.0,1325.0,1308.0,1279.0,serene-full,ALNS
rat99,serene-full|ALNS,3,1359.0,1500,1499,0.1222130470685383,0.5320557275541796,1501,1223.11,1377.0,1374.0,1359.0,1359.0,serene-full,ALNS
rat99,serene-full|ALNS,4,1341.0,1500,1499,0.10734929810074312,0.4635500515995872,1501,1223.11,1361.0,1348.0,1344.0,1341.0,serene-full,ALNS
rat99,serene-noctx|ALNS,0,1330.0,1500,1499,0.09826589595375723,0.39581217750257996,1501,1223.11,1345.0,1331.0,1330.0,1330.0,serene-noctx,ALNS
rat99,serene-noctx|ALNS,1,1325.0,1500,1499,0.09413707679603633,0.43166563467492264,1501,1223.11,1349.0,1335.0,1325.0,1325.0,serene-noctx,ALNS
rat99,serene-noctx|ALNS,2,1296.0,1500,1499,0.07018992568125526,0.354359133126935,1501,1223.11,1335.0,1314.0,1306.0,1296.0,serene-noctx,ALNS
rat99,serene-noctx|ALNS,3,1301.0,1500,1499,0.07431874483897616,0.3859153766769866,1501,1223.11,1361.0,1314.0,1303.0,1301.0,serene-noctx,ALNS
rat99,serene-noctx|ALNS,4,1378.0,1500,1499,0.1379025598678778,0.5578534571723425,1501,1223.11,1378.0,1378.0,1378.0,1378.0,serene-noctx,ALNS
rat99,serene-nogate|ALNS,0,1301.0,1500,1499,0.07431874483897616,0.4077647058823529,1501,1223.11,1354.0,1333.0,1316.0,1301.0,serene-nogate,ALNS
rat99,serene-nogate|ALNS,1,1350.0,1500,1499,0.11478117258464082,0.502423116615067,1501,1223.11,1378.0,1362.0,1353.0,1350.0,serene-nogate,ALNS
rat99,serene-nogate|ALNS,2,1339.0,1500,1499,0.10569777043765494,0.50196697626419,1501,1223.11,1392.0,1373.0,1343.0,1339.0,serene-nogate,ALNS
rat99,serene-nogate|ALNS,3,1359.0,1500,1499,0.1222130470685383,0.5412218782249741,1501,1223.11,1379.0,1359.0,1359.0,1359.0,serene-nogate,ALNS
rat99,serene-nogate|ALNS,4,1343.0,1500,1499,0.10900082576383152,0.5143157894736843,1501,1223.11,1377.0,1370.0,1370.0,1343.0,serene-nogate,ALNS
rat99,serene-plainTS|ALNS,0,1321.0,1500,1499,0.09083402146985953,0.40503611971104236,1501,1223.11,1340.0,1327.0,1321.0,1321.0,serene-plainTS,ALNS
rat99,serene-plainTS|ALNS,1,1325.0,1500,1499,0.09413707679603633,0.4804272445820434,1501,1223.11,1381.0,1343.0,1325.0,1325.0,serene-plainTS,ALNS
rat99,serene-plainTS|ALNS,2,1368.0,1500,1499,0.129644921552436,0.5532218782249742,1501,1223.11,1407.0,1370.0,1370.0,1368.0,serene-plainTS,ALNS
rat99,serene-plainTS|ALNS,3,1340.0,1500,1499,0.10652353426919903,0.5433704850361197,1501,1223.11,1432.0,1355.0,1344.0,1340.0,serene-plainTS,ALNS
rat99,serene-plainTS|ALNS,4,1375.0,1500,1499,0.1354252683732453,0.5475025799793601,1501,1223.11,1386.0,1375.0,1375.0,1375.0,serene-plainTS,ALNS
rat99,serene-noexpl|ALNS,0,1308.0,1500,1499,0.08009909165978524,0.37038802889576883,1501,1223.11,1345.0,1326.0,1311.0,1308.0,serene-noexpl,ALNS
rat99,serene-noexpl|ALNS,1,1328.0,1500,1499,0.09661436829066883,0.39493911248710006,1501,1223.11,1334.0,1330.0,1330.0,1328.0,serene-noexpl,ALNS
rat99,serene-noexpl|ALNS,2,1327.0,1500,1499,0.09578860445912474,0.45557481940144484,1501,1223.11,1372.0,1361.0,1331.0,1327.0,serene-noexpl,ALNS
rat99,serene-noexpl|ALNS,3,1353.0,1500,1499,0.11725846407927332,0.47264809081527354,1501,1223.11,1353.0,1353.0,1353.0,1353.0,serene-noexpl,ALNS
rat99,serene-noexpl|ALNS,4,1372.0,1500,1499,0.13294797687861282,0.5298101135190918,1501,1223.11,1389.0,1373.0,1372.0,1372.0,serene-noexpl,ALNS
rat99,roulette|ALNS,0,1346.0,1500,1499,0.11147811725846402,0.45588235294117657,1501,1223.11,1363.0,1346.0,1346.0,1346.0,roulette,ALNS
rat99,roulette|ALNS,1,1320.0,1500,1499,0.09000825763831544,0.46724045407636744,1501,1223.11,1385.0,1373.0,1327.0,1320.0,roulette,ALNS
rat99,roulette|ALNS,2,1336.0,1500,1499,0.10322047894302222,0.46767182662538703,1501,1223.11,1361.0,1343.0,1339.0,1336.0,roulette,ALNS
rat99,roulette|ALNS,3,1325.0,1500,1499,0.09413707679603633,0.5040330237358102,1501,1223.11,1386.0,1358.0,1344.0,1325.0,roulette,ALNS
rat99,roulette|ALNS,4,1324.0,1500,1499,0.09331131296449224,0.46037977296181626,1501,1223.11,1376.0,1350.0,1337.0,1324.0,roulette,ALNS
rat99,uniform|ALNS,0,1305.0,1500,1499,0.07762180016515274,0.38540763673890616,1501,1223.11,1345.0,1320.0,1306.0,1305.0,uniform,ALNS
rat99,uniform|ALNS,1,1336.0,1500,1499,0.10322047894302222,0.48401444788441694,1501,1223.11,1371.0,1362.0,1354.0,1336.0,uniform,ALNS
rat99,uniform|ALNS,2,1343.0,1500,1499,0.10900082576383152,0.5349865841073271,1501,1223.11,1414.0,1373.0,1347.0,1343.0,uniform,ALNS
rat99,uniform|ALNS,3,1349.0,1500,1499,0.11395540875309651,0.5561176470588236,1501,1223.11,1420.0,1365.0,1349.0,1349.0,uniform,ALNS
rat99,uniform|ALNS,4,1359.0,1500,1499,0.1222130470685383,0.5257894736842106,1501,1223.11,1381.0,1359.0,1359.0,1359.0,uniform,ALNS
kroA100,serene-full|ALNS,0,23185.0,1500,1499,0.08941828775491034,0.3069790455090926,1501,21494.82,23423.0,23185.0,23185.0,23185.0,serene-full,ALNS
kroA100,serene-full|ALNS,1,24743.0,1500,1499,0.16262569307395913,0.48854417058986427,1501,21494.82,24743.0,24743.0,24743.0,24743.0,serene-full,ALNS
kroA100,serene-full|ALNS,2,23029.0,1500,1499,0.082088149609999,0.36118591341272044,1501,21494.82,23903.0,23782.0,23181.0,23029.0,serene-full,ALNS
kroA100,serene-full|ALNS,3,23128.0,1500,1499,0.08673996804811579,0.3066446044493677,1501,21494.82,23543.0,23218.0,23128.0,23128.0,serene-full,ALNS
kroA100,serene-full|ALNS,4,22571.0,1500,1499,0.060567615825580345,0.25304652450844645,1501,21494.82,22926.0,22816.0,22651.0,22571.0,serene-full,ALNS
kroA100,serene-noctx|ALNS,0,23082.0,1500,1499,0.08457851705666752,0.3874870303701652,1501,21494.82,24497.0,23592.0,23333.0,23082.0,serene-noctx,ALNS
kroA100,serene-noctx|ALNS,1,24137.0,1500,1499,0.13415092566488118,0.46025440782793314,1501,21494.82,24932.0,24583.0,24137.0,24137.0,serene-noctx,ALNS
kroA100,serene-noctx|ALNS,2,23579.0,1500,1499,0.10793158537731418,0.38515858949506143,1501,21494.82,23986.0,23579.0,23579.0,23579.0,serene-noctx,ALNS
kroA100,serene-noctx|ALNS,3,23143.0,1500,1499,0.0874447890235881,0.34032881011723437,1501,21494.82,24152.0,23398.0,23233.0,23143.0,serene-noctx,ALNS
kroA100,serene-noctx|ALNS,4,23268.0,1500,1499,0.09331829715252327,0.29947179913228106,1501,21494.82,23378.0,23378.0,23268.0,23268.0,serene-noctx,ALNS
kroA100,serene-nogate|ALNS,0,24373.0,1500,1499,0.14524010901231077,0.47174559217206685,1501,21494.82,24503.0,24464.0,24428.0,24373.0,serene-nogate,ALNS
kroA100,serene-nogate|ALNS,1,24751.0,1500,1499,0.16300159759421118,0.5451813901966214,1501,21494.82,25639.0,25087.0,24909.0,24751.0,serene-nogate,ALNS
kroA100,serene-nogate|ALNS,2,24437.0,1500,1499,0.1482473451743258,0.5066952829317826,1501,21494.82,24992.0,24490.0,24437.0,24437.0,serene-nogate,ALNS
kroA100,serene-nogate|ALNS,3,23103.0,1500,1499,0.08556526642232876,0.341708206406351,1501,21494.82,24083.0,23956.0,23103.0,23103.0,serene-nogate,ALNS
kroA100,serene-nogate|ALNS,4,23695.0,1500,1499,0.11338220092096618,0.3681150189236592,1501,21494.82,23922.0,23778.0,23695.0,23695.0,serene-nogate,ALNS
kroA100,serene-plainTS|ALNS,0,22617.0,1500,1499,0.06272906681702839,0.284120834487215,1501,21494.82,23539.0,23206.0,22644.0,22617.0,serene-plainTS,ALNS
kroA100,serene-plainTS|ALNS,1,23953.0,1500,1499,0.12550512169908834,0.44351564663528115,1501,21494.82,24536.0,24317.0,24214.0,23953.0,serene-plainTS,ALNS
kroA100,serene-plainTS|ALNS,2,22699.0,1500,1499,0.06658208814960997,0.33947558386411886,1501,21494.82,24086.0,22983.0,22700.0,22699.0,serene-plainTS,ALNS
kroA100,serene-plainTS|ALNS,3,22979.0,1500,1499,0.07973874635842493,0.2976005723253023,1501,21494.82,23347.0,23126.0,22979.0,22979.0,serene-plainTS,ALNS
kroA100,serene-plainTS|ALNS,4,23341.0,1500,1499,0.09674842589982147,0.3235728791655128,1501,21494.82,23742.0,23341.0,23341.0,23341.0,serene-plainTS,ALNS
kroA100,serene-noexpl|ALNS,0,23909.0,1500,1499,0.1234376468377032,0.4432180374780763,1501,21494.82,24547.0,24352.0,24352.0,23909.0,serene-noexpl,ALNS
kroA100,serene-noexpl|ALNS,1,24608.0,1500,1499,0.15628230429470924,0.4733994276746977,1501,21494.82,24818.0,24608.0,24608.0,24608.0,serene-noexpl,ALNS
kroA100,serene-noexpl|ALNS,2,24040.0,1500,1499,0.1295930833568273,0.4343953660112619,1501,21494.82,24894.0,24040.0,24040.0,24040.0,serene-noexpl,ALNS
kroA100,serene-noexpl|ALNS,3,22332.0,1500,1499,0.049337468283056074,0.2219489522754546,1501,21494.82,23037.0,22890.0,22332.0,22332.0,serene-noexpl,ALNS
kroA100,serene-noexpl|ALNS,4,22857.0,1500,1499,0.07400620242458422,0.25008031016338966,1501,21494.82,23216.0,22964.0,22857.0,22857.0,serene-noexpl,ALNS
kroA100,roulette|ALNS,0,23625.0,1500,1499,0.11009303636876244,0.3864533370257545,1501,21494.82,24283.0,23625.0,23625.0,23625.0,roulette,ALNS
kroA100,roulette|ALNS,1,24296.0,1500,1499,0.14162202800488677,0.47109831071725283,1501,21494.82,24931.0,24507.0,24433.0,24296.0,roulette,ALNS
kroA100,roulette|ALNS,2,22994.0,1500,1499,0.08044356733389724,0.283895966029724,1501,21494.82,23015.0,23013.0,22994.0,22994.0,roulette,ALNS
kroA100,roulette|ALNS,3,22877.0,1500,1499,0.0749459637252139,0.3745348472260685,1501,21494.82,24097.0,23610.0,23430.0,22877.0,roulette,ALNS
kroA100,roulette|ALNS,4,22578.0,1500,1499,0.06089653228080061,0.3145992799778454,1501,21494.82,23463.0,23463.0,23323.0,22578.0,roulette,ALNS
kroA100,uniform|ALNS,0,22883.0,1500,1499,0.0752278921154026,0.3598023631496353,1501,21494.82,24196.0,23533.0,23339.0,22883.0,uniform,ALNS
kroA100,uniform|ALNS,1,23773.0,1500,1499,0.11704726999342174,0.4451356041724361,1501,21494.82,24911.0,24265.0,24035.0,23773.0,uniform,ALNS
kroA100,uniform|ALNS,2,23626.0,1500,1499,0.11014002443379378,0.47054010892642856,1501,21494.82,24752.0,24381.0,23729.0,23626.0,uniform,ALNS
kroA100,uniform|ALNS,3,23633.0,1500,1499,0.11046894088901427,0.3904066278962429,1501,21494.82,24547.0,23647.0,23647.0,23633.0,uniform,ALNS
kroA100,uniform|ALNS,4,23003.0,1500,1499,0.08086645991918062,0.3627912858857195,1501,21494.82,24057.0,23868.0,23674.0,23003.0,uniform,ALNS
kroC100,serene-full|ALNS,0,22009.0,1500,1499,0.06072581811171629,0.16000912611679893,1501,20956.49,22054.0,22009.0,22009.0,22009.0,serene-full,ALNS
kroC100,serene-full|ALNS,1,23521.0,1500,1499,0.13359679984577566,0.3269890716668583,1501,20956.49,23521.0,23521.0,23521.0,23521.0,serene-full,ALNS
kroC100,serene-full|ALNS,2,24001.0,1500,1499,0.1567304448407152,0.4885226427393688,1501,20956.49,24903.0,24903.0,24842.0,24001.0,serene-full,ALNS
kroC100,serene-full|ALNS,3,22977.0,1500,1499,0.10737866885151082,0.37111806434295797,1501,20956.49,23809.0,23767.0,22977.0,22977.0,serene-full,ALNS
kroC100,serene-full|ALNS,4,23077.0,1500,1499,0.11219817822545664,0.2915493692242801,1501,20956.49,23187.0,23187.0,23077.0,23077.0,serene-full,ALNS
kroC100,serene-noctx|ALNS,0,21893.0,1500,1499,0.05513518723793909,0.14553916944668122,1501,20956.49,21893.0,21893.0,21893.0,21893.0,serene-noctx,ALNS
kroC100,serene-noctx|ALNS,1,23019.0,1500,1499,0.10940286278856814,0.3157976916292803,1501,20956.49,23519.0,23519.0,23229.0,23019.0,serene-noctx,ALNS
kroC100,serene-noctx|ALNS,2,24009.0,1500,1499,0.15711600559063088,0.42148372253537325,1501,20956.49,24268.0,24125.0,24017.0,24009.0,serene-noctx,ALNS
kroC100,serene-noctx|ALNS,3,23013.0,1500,1499,0.10911369222613132,0.34796004448023315,1501,20956.49,23997.0,23374.0,23013.0,23013.0,serene-noctx,ALNS
kroC100,serene-noctx|ALNS,4,23215.0,1500,1499,0.11884910116150182,0.30608596955404727,1501,20956.49,23329.0,23215.0,23215.0,23215.0,serene-noctx,ALNS
kroC100,serene-nogate|ALNS,0,22022.0,1500,1499,0.06135235433032915,0.17233835653207563,1501,20956.49,22298.0,22098.0,22022.0,22022.0,serene-nogate,ALNS
kroC100,serene-nogate|ALNS,1,23173.0,1500,1499,0.1168249072244445,0.3497514475248284,1501,20956.49,23891.0,23845.0,23413.0,23173.0,serene-nogate,ALNS
kroC100,serene-nogate|ALNS,2,24721.0,1500,1499,0.1914309123331246,0.5113522757774455,1501,20956.49,25264.0,24856.0,24721.0,24721.0,serene-nogate,ALNS
kroC100,serene-nogate|ALNS,3,24163.0,1500,1499,0.16453805002650723,0.5137150964377468,1501,20956.49,26090.0,24276.0,24231.0,24163.0,serene-nogate,ALNS
kroC100,serene-nogate|ALNS,4,22020.0,1500,1499,0.06125596414285028,0.27789286399018365,1501,20956.49,23578.0,23346.0,22028.0,22020.0,serene-nogate,ALNS
kroC100,serene-plainTS|ALNS,0,21929.0,1500,1499,0.05687021061255959,0.1693375512864757,1501,20956.49,22390.0,22285.0,22014.0,21929.0,serene-plainTS,ALNS
kroC100,serene-plainTS|ALNS,1,23840.0,1500,1499,0.14897103474866258,0.3799812876260592,1501,20956.49,24045.0,24045.0,24045.0,23840.0,serene-plainTS,ALNS
kroC100,serene-plainTS|ALNS,2,21861.0,1500,1499,0.05359294423827654,0.48353311093216766,1501,20956.49,25748.0,24809.0,24416.0,21861.0,serene-plainTS,ALNS
kroC100,serene-plainTS|ALNS,3,24418.0,1500,1499,0.17682779893006884,0.48714582614364044,1501,20956.49,24855.0,24418.0,24418.0,24418.0,serene-plainTS,ALNS
kroC100,serene-plainTS|ALNS,4,21897.0,1500,1499,0.055327967612897044,0.25521561409563254,1501,20956.49,23916.0,23174.0,21897.0,21897.0,serene-plainTS,ALNS
kroC100,serene-noexpl|ALNS,0,21761.0,1500,1499,0.04877343486433072,0.13782798420184822,1501,20956.49,21938.0,21828.0,21828.0,21761.0,serene-noexpl,ALNS
kroC100,serene-noexpl|ALNS,1,23620.0,1500,1499,0.13836811412598204,0.34526868361516927,1501,20956.49,23797.0,23797.0,23620.0,23620.0,serene-noexpl,ALNS
kroC100,serene-noexpl|ALNS,2,23853.0,1500,1499,0.14959757096727544,0.4383399670232754,1501,20956.49,24437.0,24317.0,24286.0,23853.0,serene-noexpl,ALNS
kroC100,serene-noexpl|ALNS,3,25835.0,1500,1499,0.24512024675888,0.5996175466850722,1501,20956.49,25911.0,25845.0,25835.0,25835.0,serene-noexpl,ALNS
kroC100,serene-noexpl|ALNS,4,21703.0,1500,1499,0.04597811942744223,0.20500701714022776,1501,20956.49,23061.0,22005.0,21794.0,21703.0,serene-noexpl,ALNS
kroC100,roulette|ALNS,0,21748.0,1500,1499,0.04814689864571786,0.19670853943786187,1501,20956.49,23028.0,22262.0,21748.0,21748.0,roulette,ALNS
kroC100,roulette|ALNS,1,22969.0,1500,1499,0.10699310810159535,0.34867855362552247,1501,20956.49,23800.0,23716.0,23716.0,22969.0,roulette,ALNS
kroC100,roulette|ALNS,2,24793.0,1500,1499,0.19490095908236538,0.5709841635032018,1501,20956.49,26579.0,25384.0,24793.0,24793.0,roulette,ALNS
kroC100,roulette|ALNS,3,23316.0,1500,1499,0.12371680562918685,0.4986986464204915,1501,20956.49,26074.0,24431.0,23655.0,23316.0,roulette,ALNS
kroC100,roulette|ALNS,4,21794.0,1500,1499,0.050363872957732925,0.21923194907780208,1501,20956.49,22971.0,22243.0,21794.0,21794.0,roulette,ALNS
kroC100,uniform|ALNS,0,22019.0,1500,1499,0.06120776904911085,0.17916308140649567,1501,20956.49,22338.0,22024.0,22024.0,22019.0,uniform,ALNS
kroC100,uniform|ALNS,1,23307.0,1500,1499,0.12328304978553173,0.3422864373633958,1501,20956.49,23995.0,23905.0,23307.0,23307.0,uniform,ALNS
kroC100,uniform|ALNS,2,25267.0,1500,1499,0.21774543351486808,0.5751621611258101,1501,20956.49,25792.0,25502.0,25419.0,25267.0,uniform,ALNS
kroC100,uniform|ALNS,3,25036.0,1500,1499,0.20661236686105355,0.6045606810077074,1501,20956.49,26882.0,25386.0,25254.0,25036.0,uniform,ALNS
kroC100,uniform|ALNS,4,22262.0,1500,1499,0.07291917682779903,0.2823050730472794,1501,20956.49,23859.0,23116.0,22582.0,22262.0,uniform,ALNS
rd100,serene-full|ALNS,0,9121.0,1500,1499,0.1530973451327433,0.45785596416784546,1501,7989.1,9279.0,9121.0,9121.0,9121.0,serene-full,ALNS
rd100,serene-full|ALNS,1,8741.0,1500,1499,0.10505689001264229,0.3986157472890146,1501,7989.1,9172.0,8939.0,8782.0,8741.0,serene-full,ALNS
rd100,serene-full|ALNS,2,8887.0,1500,1499,0.12351453855878636,0.4401442715700141,1501,7989.1,9361.0,8979.0,8922.0,8887.0,serene-full,ALNS
rd100,serene-full|ALNS,3,8665.0,1500,1499,0.09544879898862191,0.30136397925506836,1501,7989.1,8773.0,8665.0,8665.0,8665.0,serene-full,ALNS
rd100,serene-full|ALNS,4,9106.0,1500,1499,0.15120101137800246,0.4521598302687411,1501,7989.1,9168.0,9106.0,9106.0,9106.0,serene-full,ALNS
rd100,serene-noctx|ALNS,0,8604.0,1500,1499,0.0877370417193426,0.34463484205563405,1501,7989.1,8904.0,8835.0,8816.0,8604.0,serene-noctx,ALNS
rd100,serene-noctx|ALNS,1,9024.0,1500,1499,0.14083438685208605,0.42900848656294194,1501,7989.1,9024.0,9024.0,9024.0,9024.0,serene-noctx,ALNS
rd100,serene-noctx|ALNS,2,9288.0,1500,1499,0.1742098609355247,0.5282131070249881,1501,7989.1,9394.0,9331.0,9308.0,9288.0,serene-noctx,ALNS
rd100,serene-noctx|ALNS,3,8389.0,1500,1499,0.06055625790139074,0.2925664780763791,1501,7989.1,8826.0,8826.0,8389.0,8389.0,serene-noctx,ALNS
rd100,serene-noctx|ALNS,4,8867.0,1500,1499,0.12098609355246515,0.4050657708628005,1501,7989.1,9147.0,9017.0,8867.0,8867.0,serene-noctx,ALNS
rd100,serene-nogate|ALNS,0,9129.0,1500,1499,0.1541087231352718,0.5287906647807638,1501,7989.1,9504.0,9504.0,9156.0,9129.0,serene-nogate,ALNS
rd100,serene-nogate|ALNS,1,9044.0,1500,1499,0.14336283185840704,0.4732793493635078,1501,7989.1,9331.0,9071.0,9047.0,9044.0,serene-nogate,ALNS
rd100,serene-nogate|ALNS,2,8679.0,1500,1499,0.09721871049304687,0.41965770862800567,1501,7989.1,9366.0,8798.0,8786.0,8679.0,serene-nogate,ALNS
rd100,serene-nogate|ALNS,3,8758.0,1500,1499,0.10720606826801515,0.4037237152286657,1501,7989.1,9068.0,8941.0,8941.0,8758.0,serene-nogate,ALNS
rd100,serene-nogate|ALNS,4,8912.0,1500,1499,0.1266750948166877,0.44458863743517213,1501,7989.1,9191.0,9160.0,9041.0,8912.0,serene-nogate,ALNS
rd100,serene-plainTS|ALNS,0,8699.0,1500,1499,0.09974715549936786,0.34247006129184343,1501,7989.1,8862.0,8699.0,8699.0,8699.0,serene-plainTS,ALNS
rd100,serene-plainTS|ALNS,1,8809.0,1500,1499,0.11365360303413397,0.4134205563413485,1501,7989.1,9231.0,8857.0,8809.0,8809.0,serene-plainTS,ALNS
rd100,serene-plainTS|ALNS,2,8967.0,1500,1499,0.13362831858407076,0.48952380952380947,1501,7989.1,9586.0,9150.0,8967.0,8967.0,serene-plainTS,ALNS
rd100,serene-plainTS|ALNS,3,9200.0,1500,1499,0.16308470290771182,0.499569778406412,1501,7989.1,9273.0,9264.0,9258.0,9200.0,serene-plainTS,ALNS
rd100,serene-plainTS|ALNS,4,8831.0,1500,1499,0.11643489254108719,0.44597831211692596,1501,7989.1,9474.0,8957.0,8831.0,8831.0,serene-plainTS,ALNS
rd100,serene-noexpl|ALNS,0,8818.0,1500,1499,0.11479140328697857,0.3543396982555398,1501,7989.1,8908.0,8845.0,8818.0,8818.0,serene-noexpl,ALNS
rd100,serene-noexpl|ALNS,1,8916.0,1500,1499,0.12718078381795195,0.384475011786893,1501,7989.1,8946.0,8927.0,8916.0,8916.0,serene-noexpl,ALNS
rd100,serene-noexpl|ALNS,2,8925.0,1500,1499,0.12831858407079655,0.3903241395568129,1501,7989.1,8949.0,8925.0,8925.0,8925.0,serene-noexpl,ALNS
rd100,serene-noexpl|ALNS,3,8646.0,1500,1499,0.09304677623261703,0.3588012729844413,1501,7989.1,8903.0,8901.0,8901.0,8646.0,serene-noexpl,ALNS
rd100,serene-noexpl|ALNS,4,8947.0,1500,1499,0.13109987357774977,0.39238731730315884,1501,7989.1,8992.0,8947.0,8947.0,8947.0,serene-noexpl,ALNS
rd100,roulette|ALNS,0,8507.0,1500,1499,0.07547408343868511,0.3662762847713343,1501,7989.1,9007.0,8851.0,8702.0,8507.0,roulette,ALNS
rd100,roulette|ALNS,1,8727.0,1500,1499,0.10328697850821755,0.42189698255539837,1501,7989.1,9412.0,8852.0,8727.0,8727.0,roulette,ALNS
rd100,roulette|ALNS,2,9124.0,1500,1499,0.15347661188369144,0.534533946251768,1501,7989.1,9669.0,9229.0,9139.0,9124.0,roulette,ALNS
rd100,roulette|ALNS,3,8356.0,1500,1499,0.05638432364096091,0.2765153229608675,1501,7989.1,9000.0,8433.0,8356.0,8356.0,roulette,ALNS
rd100,roulette|ALNS,4,8974.0,1500,1499,0.13451327433628313,0.4285766148043376,1501,7989.1,9174.0,8974.0,8974.0,8974.0,roulette,ALNS
rd100,uniform|ALNS,0,9030.0,1500,1499,0.1415929203539823,0.4819309288071663,1501,7989.1,9318.0,9145.0,9108.0,9030.0,uniform,ALNS
rd100,uniform|ALNS,1,8843.0,1500,1499,0.11795195954487991,0.4633066949552097,1501,7989.1,9626.0,9042.0,8843.0,8843.0,uniform,ALNS
rd100,uniform|ALNS,2,8891.0,1500,1499,0.1240202275600506,0.4964493163602074,1501,7989.1,9401.0,9351.0,9008.0,8891.0,uniform,ALNS
rd100,uniform|ALNS,3,8585.0,1500,1499,0.0853350189633375,0.3362454031117397,1501,7989.1,9152.0,8611.0,8585.0,8585.0,uniform,ALNS
rd100,uniform|ALNS,4,8727.0,1500,1499,0.10328697850821755,0.41054620462046204,1501,7989.1,9193.0,9008.0,8882.0,8727.0,uniform,ALNS
eil101,serene-full|ALNS,0,680.0,1500,1499,0.08108108108108114,0.2521854636591479,1501,635.29,698.0,681.0,680.0,680.0,serene-full,ALNS
eil101,serene-full|ALNS,1,680.0,1500,1499,0.08108108108108114,0.2607994987468672,1501,635.29,708.0,696.0,680.0,680.0,serene-full,ALNS
eil101,serene-full|ALNS,2,701.0,1500,1499,0.11446740858505566,0.33633333333333343,1501,635.29,719.0,705.0,701.0,701.0,serene-full,ALNS
eil101,serene-full|ALNS,3,719.0,1500,1499,0.14308426073131963,0.39642355889724307,1501,635.29,732.0,726.0,726.0,719.0,serene-full,ALNS
eil101,serene-full|ALNS,4,710.0,1500,1499,0.12877583465818754,0.3625513784461153,1501,635.29,723.0,721.0,721.0,710.0,serene-full,ALNS
eil101,serene-noctx|ALNS,0,677.0,1500,1499,0.07631160572337037,0.2705087719298246,1501,635.29,716.0,685.0,677.0,677.0,serene-noctx,ALNS
eil101,serene-noctx|ALNS,1,726.0,1500,1499,0.15421303656597773,0.41155388471177945,1501,635.29,745.0,729.0,726.0,726.0,serene-noctx,ALNS
eil101,serene-noctx|ALNS,2,689.0,1500,1499,0.09538950715421302,0.327719298245614,1501,635.29,735.0,710.0,694.0,689.0,serene-noctx,ALNS
eil101,serene-noctx|ALNS,3,706.0,1500,1499,0.12241653418123999,0.35980701754385963,1501,635.29,727.0,724.0,706.0,706.0,serene-noctx,ALNS
eil101,serene-noctx|ALNS,4,688.0,1500,1499,0.09379968203497624,0.29679448621553883,1501,635.29,708.0,692.0,692.0,688.0,serene-noctx,ALNS
eil101,serene-nogate|ALNS,0,705.0,1500,1499,0.12082670906200321,0.3768421052631579,1501,635.29,740.0,707.0,705.0,705.0,serene-nogate,ALNS
eil101,serene-nogate|ALNS,1,692.0,1500,1499,0.10015898251192379,0.4087543859649122,1501,635.29,747.0,726.0,702.0,692.0,serene-nogate,ALNS
eil101,serene-nogate|ALNS,2,730.0,1500,1499,0.16057233704292528,0.44731328320802005,1501,635.29,769.0,737.0,731.0,730.0,serene-nogate,ALNS
eil101,serene-nogate|ALNS,3,710.0,1500,1499,0.12877583465818754,0.4084812030075188,1501,635.29,743.0,713.0,710.0,710.0,serene-nogate,ALNS
eil101,serene-nogate|ALNS,4,691.0,1500,1499,0.09856915739268679,0.3611854636591479,1501,635.29,738.0,723.0,700.0,691.0,serene-nogate,ALNS
eil101,serene-plainTS|ALNS,0,690.0,1500,1499,0.09697933227345001,0.3208020050125313,1501,635.29,721.0,701.0,690.0,690.0,serene-plainTS,ALNS
eil101,serene-plainTS|ALNS,1,682.0,1500,1499,0.08426073131955492,0.36380701754385963,1501,635.29,737.0,699.0,690.0,682.0,serene-plainTS,ALNS
eil101,serene-plainTS|ALNS,2,686.0,1500,1499,0.09062003179650246,0.3105162907268171,1501,635.29,728.0,697.0,686.0,686.0,serene-plainTS,ALNS
eil101,serene-plainTS|ALNS,3,696.0,1500,1499,0.10651828298887112,0.4052080200501253,1501,635.29,744.0,725.0,716.0,696.0,serene-plainTS,ALNS
eil101,serene-plainTS|ALNS,4,691.0,1500,1499,0.09856915739268679,0.3764185463659148,1501,635.29,754.0,714.0,692.0,691.0,serene-plainTS,ALNS
eil101,serene-noexpl|ALNS,0,682.0,1500,1499,0.08426073131955492,0.2722180451127819,1501,635.29,719.0,688.0,682.0,682.0,serene-noexpl,ALNS
eil101,serene-noexpl|ALNS,1,689.0,1500,1499,0.09538950715421302,0.2781353383458647,1501,635.29,700.0,695.0,694.0,689.0,serene-noexpl,ALNS
eil101,serene-noexpl|ALNS,2,685.0,1500,1499,0.08903020667726547,0.2980902255639098,1501,635.29,715.0,701.0,688.0,685.0,serene-noexpl,ALNS
eil101,serene-noexpl|ALNS,3,680.0,1500,1499,0.08108108108108114,0.25822807017543864,1501,635.29,693.0,687.0,687.0,680.0,serene-noexpl,ALNS
eil101,serene-noexpl|ALNS,4,711.0,1500,1499,0.13036565977742454,0.34529824561403505,1501,635.29,727.0,715.0,711.0,711.0,serene-noexpl,ALNS
eil101,roulette|ALNS,0,708.0,1500,1499,0.12559618441971376,0.40430075187969927,1501,635.29,765.0,721.0,715.0,708.0,roulette,ALNS
eil101,roulette|ALNS,1,701.0,1500,1499,0.11446740858505566,0.4119423558897244,1501,635.29,745.0,735.0,708.0,701.0,roulette,ALNS
eil101,roulette|ALNS,2,672.0,1500,1499,0.06836248012718604,0.3004235588972431,1501,635.29,728.0,701.0,672.0,672.0,roulette,ALNS
eil101,roulette|ALNS,3,689.0,1500,1499,0.09538950715421302,0.3700401002506265,1501,635.29,733.0,717.0,703.0,689.0,roulette,ALNS
eil101,roulette|ALNS,4,687.0,1500,1499,0.09220985691573924,0.3234110275689223,1501,635.29,715.0,713.0,687.0,687.0,roulette,ALNS
eil101,uniform|ALNS,0,711.0,1500,1499,0.13036565977742454,0.4461729323308271,1501,635.29,751.0,742.0,720.0,711.0,uniform,ALNS
eil101,uniform|ALNS,1,694.0,1500,1499,0.10333863275039756,0.3943233082706767,1501,635.29,764.0,709.0,709.0,694.0,uniform,ALNS
eil101,uniform|ALNS,2,713.0,1500,1499,0.1335453100158983,0.4436942355889725,1501,635.29,754.0,736.0,723.0,713.0,uniform,ALNS
eil101,uniform|ALNS,3,716.0,1500,1499,0.13831478537360886,0.43580200501253136,1501,635.29,751.0,738.0,723.0,716.0,uniform,ALNS
eil101,uniform|ALNS,4,686.0,1500,1499,0.09062003179650246,0.3351453634085213,1501,635.29,724.0,714.0,703.0,686.0,uniform,ALNS
lin105,serene-full|ALNS,0,15797.0,1500,1499,0.09861603727658386,0.3294775493075955,1501,14522.79,15810.0,15810.0,15810.0,15797.0,serene-full,ALNS
lin105,serene-full|ALNS,1,17599.0,1500,1499,0.22393768690451354,0.6799569170513358,1501,14522.79,17599.0,17599.0,17599.0,17599.0,serene-full,ALNS
lin105,serene-full|ALNS,2,15074.0,1500,1499,0.04833437652131578,0.23231458945307032,1501,14522.79,15560.0,15367.0,15367.0,15074.0,serene-full,ALNS
lin105,serene-full|ALNS,3,15784.0,1500,1499,0.09771194102510616,0.3301621205763044,1501,14522.79,15968.0,15784.0,15784.0,15784.0,serene-full,ALNS
lin105,serene-full|ALNS,4,15143.0,1500,1499,0.05313304124069829,0.2199869911875787,1501,14522.79,15519.0,15519.0,15143.0,15143.0,serene-full,ALNS
lin105,serene-noctx|ALNS,0,15486.0,1500,1499,0.07698727310661391,0.3089378934116659,1501,14522.79,16056.0,15691.0,15563.0,15486.0,serene-noctx,ALNS
lin105,serene-noctx|ALNS,1,16444.0,1500,1499,0.14361221225398157,0.5383718002517833,1501,14522.79,17158.0,16909.0,16527.0,16444.0,serene-noctx,ALNS
lin105,serene-noctx|ALNS,2,14893.0,1500,1499,0.035746574866124314,0.16791579241852006,1501,14522.79,15376.0,14933.0,14910.0,14893.0,serene-noctx,ALNS
lin105,serene-noctx|ALNS,3,15731.0,1500,1499,0.09402601015369627,0.37486795355993846,1501,14522.79,16253.0,15905.0,15859.0,15731.0,serene-noctx,ALNS
lin105,serene-noctx|ALNS,4,14855.0,1500,1499,0.033103831977189024,0.1634653797733949,1501,14522.79,15344.0,14917.0,14917.0,14855.0,serene-noctx,ALNS
lin105,serene-nogate|ALNS,0,15734.0,1500,1499,0.09423464775019119,0.34963673241012727,1501,14522.79,15944.0,15747.0,15734.0,15734.0,serene-nogate,ALNS
lin105,serene-nogate|ALNS,1,16769.0,1500,1499,0.16621461854092767,0.5793614491537278,1501,14522.79,17186.0,16978.0,16802.0,16769.0,serene-nogate,ALNS
lin105,serene-nogate|ALNS,2,14655.0,1500,1499,0.019194658877529802,0.18977549307595468,1501,14522.79,15142.0,14826.0,14779.0,14655.0,serene-nogate,ALNS
lin105,serene-nogate|ALNS,3,15437.0,1500,1499,0.07357952569719739,0.3434074695761645,1501,14522.79,16291.0,15688.0,15437.0,15437.0,serene-nogate,ALNS
lin105,serene-nogate|ALNS,4,15429.0,1500,1499,0.07302315877321086,0.29671156805147575,1501,14522.79,16198.0,15534.0,15463.0,15429.0,serene-nogate,ALNS
lin105,serene-plainTS|ALNS,0,15583.0,1500,1499,0.08373322205994849,0.35510658833403275,1501,14522.79,16402.0,15763.0,15583.0,15583.0,serene-plainTS,ALNS
lin105,serene-plainTS|ALNS,1,16960.0,1500,1499,0.17949787885110235,0.6625486081969506,1501,14522.79,17935.0,17138.0,17111.0,16960.0,serene-plainTS,ALNS
lin105,serene-plainTS|ALNS,2,15258.0,1500,1499,0.06113081577300239,0.27077535319625123,1501,14522.79,15775.0,15382.0,15258.0,15258.0,serene-plainTS,ALNS
lin105,serene-plainTS|ALNS,3,15928.0,1500,1499,0.1077265456568608,0.40787061127430413,1501,14522.79,16602.0,15928.0,15928.0,15928.0,serene-plainTS,ALNS
lin105,serene-plainTS|ALNS,4,14953.0,1500,1499,0.03991932679602206,0.2803555742061827,1501,14522.79,16108.0,15552.0,15041.0,14953.0,serene-plainTS,ALNS
lin105,serene-noexpl|ALNS,0,15737.0,1500,1499,0.09444328534668611,0.30242915093020006,1501,14522.79,15767.0,15767.0,15767.0,15737.0,serene-noexpl,ALNS
lin105,serene-noexpl|ALNS,1,16374.0,1500,1499,0.13874400166910084,0.5728471114841236,1501,14522.79,17501.0,17175.0,16734.0,16374.0,serene-noexpl,ALNS
lin105,serene-noexpl|ALNS,2,15110.0,1500,1499,0.05083802767925438,0.2002994824450972,1501,14522.79,15372.0,15372.0,15110.0,15110.0,serene-noexpl,ALNS
lin105,serene-noexpl|ALNS,3,15605.0,1500,1499,0.08526323110091094,0.32262596167296126,1501,14522.79,16073.0,15863.0,15605.0,15605.0,serene-noexpl,ALNS
lin105,serene-noexpl|ALNS,4,14594.0,1500,1499,0.014952361082133603,0.1692765421737306,1501,14522.79,15364.0,15174.0,15032.0,14594.0,serene-noexpl,ALNS
lin105,roulette|ALNS,0,15610.0,1500,1499,0.08561096042840255,0.3859325779829347,1501,14522.79,16174.0,15863.0,15863.0,15610.0,roulette,ALNS
lin105,roulette|ALNS,1,16680.0,1500,1499,0.1600250365115794,0.6361737305916911,1501,14522.79,17753.0,17559.0,16726.0,16680.0,roulette,ALNS
lin105,roulette|ALNS,2,14684.0,1500,1499,0.02121148897698033,0.20249517415023077,1501,14522.79,15727.0,15149.0,14684.0,14684.0,roulette,ALNS
lin105,roulette|ALNS,3,15653.0,1500,1499,0.08860143264482923,0.38291383410267177,1501,14522.79,16217.0,16217.0,15828.0,15653.0,roulette,ALNS
lin105,roulette|ALNS,4,15158.0,1500,1499,0.05417622922317267,0.22801692544411806,1501,14522.79,15617.0,15197.0,15158.0,15158.0,roulette,ALNS
lin105,uniform|ALNS,0,15566.0,1500,1499,0.08255094234647742,0.36173408868373197,1501,14522.79,16030.0,15734.0,15566.0,15566.0,uniform,ALNS
lin105,uniform|ALNS,1,16947.0,1500,1499,0.17859378259962444,0.6198630577703174,1501,14522.79,17514.0,17214.0,17041.0,16947.0,uniform,ALNS
lin105,uniform|ALNS,2,15730.0,1500,1499,0.09395646428819804,0.3455888935515457,1501,14522.79,15837.0,15832.0,15830.0,15730.0,uniform,ALNS
lin105,uniform|ALNS,3,15696.0,1500,1499,0.0915919048612559,0.36040704993705414,1501,14522.79,16492.0,15809.0,15696.0,15696.0,uniform,ALNS
lin105,uniform|ALNS,4,15322.0,1500,1499,0.06558175116489329,0.24996614911176387,1501,14522.79,15546.0,15509.0,15414.0,15322.0,uniform,ALNS
pr124,serene-full|ALNS,0,63447.0,1500,1499,0.07482635947823146,0.3134420131291029,1501,59620.3,64186.0,63447.0,63447.0,63447.0,serene-full,ALNS
pr124,serene-full|ALNS,1,62924.0,1500,1499,0.06596645773335585,0.2593932530999271,1501,59620.3,62967.0,62924.0,62924.0,62924.0,serene-full,ALNS
pr124,serene-full|ALNS,2,61269.0,1500,1499,0.03792986616974425,0.23618136396790665,1501,59620.3,64480.0,62708.0,61269.0,61269.0,serene-full,ALNS
pr124,serene-full|ALNS,3,70419.0,1500,1499,0.19293579535829242,0.6480899708242159,1501,59620.3,70419.0,70419.0,70419.0,70419.0,serene-full,ALNS
pr124,serene-full|ALNS,4,61456.0,1500,1499,0.04109774690835177,0.16553497447118892,1501,59620.3,61525.0,61456.0,61456.0,61456.0,serene-full,ALNS
pr124,serene-noctx|ALNS,0,61267.0,1500,1499,0.037895985092325946,0.22196436907366887,1501,59620.3,61581.0,61267.0,61267.0,61267.0,serene-noctx,ALNS
pr124,serene-noctx|ALNS,1,62643.0,1500,1499,0.06120616635609011,0.27344310722100656,1501,59620.3,64352.0,64314.0,62643.0,62643.0,serene-noctx,ALNS
pr124,serene-noctx|ALNS,2,60767.0,1500,1499,0.029425715737760427,0.1983140043763676,1501,59620.3,63939.0,60767.0,60767.0,60767.0,serene-noctx,ALNS
pr124,serene-noctx|ALNS,3,65119.0,1500,1499,0.10315094019989846,0.49032676878191106,1501,59620.3,70260.0,66299.0,65213.0,65119.0,serene-noctx,ALNS
pr124,serene-noctx|ALNS,4,61467.0,1500,1499,0.04128409283415202,0.2661007658643326,1501,59620.3,64428.0,61866.0,61536.0,61467.0,serene-noctx,ALNS
pr124,serene-nogate|ALNS,0,61845.0,1500,1499,0.047687616466203675,0.303842049598833,1501,59620.3,66702.0,61997.0,61845.0,61845.0,serene-nogate,ALNS
pr124,serene-nogate|ALNS,1,64610.0,1500,1499,0.09452820599695078,0.3416920495988329,1501,59620.3,65192.0,65180.0,65180.0,64610.0,serene-nogate,ALNS
pr124,serene-nogate|ALNS,2,61783.0,1500,1499,0.04663730306623748,0.2992169219547775,1501,59620.3,66675.0,62919.0,61783.0,61783.0,serene-nogate,ALNS
pr124,serene-nogate|ALNS,3,66128.0,1500,1499,0.12024394375741143,0.5889762217359591,1501,59620.3,72547.0,68045.0,66752.0,66128.0,serene-nogate,ALNS
pr124,serene-nogate|ALNS,4,65113.0,1500,1499,0.10304929696764353,0.35373052516411374,1501,59620.3,65575.0,65575.0,65476.0,65113.0,serene-nogate,ALNS
pr124,serene-plainTS|ALNS,0,64300.0,1500,1499,0.08927663899712002,0.32902811816192556,1501,59620.3,64672.0,64300.0,64300.0,64300.0,serene-plainTS,ALNS
pr124,serene-plainTS|ALNS,1,64769.0,1500,1499,0.09722175165170244,0.35196750547045946,1501,59620.3,65835.0,64835.0,64835.0,64769.0,serene-plainTS,ALNS
pr124,serene-plainTS|ALNS,2,66600.0,1500,1499,0.1282398780281213,0.47863205689277905,1501,59620.3,67854.0,67210.0,67210.0,66600.0,serene-plainTS,ALNS
pr124,serene-plainTS|ALNS,3,68027.0,1500,1499,0.1524140267660512,0.5883195842450766,1501,59620.3,70737.0,69073.0,68325.0,68027.0,serene-plainTS,ALNS
pr124,serene-plainTS|ALNS,4,61198.0,1500,1499,0.036727087921395896,0.36874810357403354,1501,59620.3,66041.0,65584.0,63407.0,61198.0,serene-plainTS,ALNS
pr124,serene-noexpl|ALNS,0,64369.0,1500,1499,0.09044553616805007,0.3069649161196207,1501,59620.3,64369.0,64369.0,64369.0,64369.0,serene-noexpl,ALNS
pr124,serene-noexpl|ALNS,1,62643.0,1500,1499,0.06120616635609011,0.23656061269146608,1501,59620.3,64314.0,62643.0,62643.0,62643.0,serene-noexpl,ALNS
pr124,serene-noexpl|ALNS,2,61210.0,1500,1499,0.03693037438590552,0.1578479941648432,1501,59620.3,61210.0,61210.0,61210.0,61210.0,serene-noexpl,ALNS
pr124,serene-noexpl|ALNS,3,68299.0,1500,1499,0.1570218532949348,0.5974000729394603,1501,59620.3,70049.0,70049.0,69467.0,68299.0,serene-noexpl,ALNS
pr124,serene-noexpl|ALNS,4,61951.0,1500,1499,0.04948331356937152,0.21624401896425968,1501,59620.3,64049.0,61951.0,61951.0,61951.0,serene-noexpl,ALNS
pr124,roulette|ALNS,0,63021.0,1500,1499,0.06760968998814154,0.28977469000729394,1501,59620.3,63551.0,63021.0,63021.0,63021.0,roulette,ALNS
pr124,roulette|ALNS,1,63526.0,1500,1499,0.07616466203625283,0.31906655725747624,1501,59620.3,66237.0,63850.0,63526.0,63526.0,roulette,ALNS
pr124,roulette|ALNS,2,61267.0,1500,1499,0.037895985092325946,0.18052924872355944,1501,59620.3,61958.0,61891.0,61267.0,61267.0,roulette,ALNS
pr124,roulette|ALNS,3,69950.0,1500,1499,0.18499068270371,0.6930840991976659,1501,59620.3,73873.0,70333.0,70333.0,69950.0,roulette,ALNS
pr124,roulette|ALNS,4,64279.0,1500,1499,0.08892088768422846,0.3216317286652079,1501,59620.3,64405.0,64279.0,64279.0,64279.0,roulette,ALNS
pr124,uniform|ALNS,0,64243.0,1500,1499,0.08831102829069959,0.4009847921225383,1501,59620.3,67485.0,64467.0,64243.0,64243.0,uniform,ALNS
pr124,uniform|ALNS,1,62643.0,1500,1499,0.06120616635609011,0.3246807439824945,1501,59620.3,65852.0,65495.0,63802.0,62643.0,uniform,ALNS
pr124,uniform|ALNS,2,60214.0,1500,1499,0.020057597831611096,0.20875123997082423,1501,59620.3,64494.0,62086.0,60214.0,60214.0,uniform,ALNS
pr124,uniform|ALNS,3,68063.0,1500,1499,0.15302388615957985,0.5844669584245076,1501,59620.3,72088.0,68068.0,68063.0,68063.0,uniform,ALNS
pr124,uniform|ALNS,4,62196.0,1500,1499,0.053633745553108625,0.2264956236323851,1501,59620.3,63222.0,62599.0,62599.0,62196.0,uniform,ALNS
bier127,serene-full|ALNS,0,127739.0,1500,1499,0.07995299369303877,0.3843770170992269,1501,119464.82,128724.0,127739.0,127739.0,127739.0,serene-full,ALNS
bier127,serene-full|ALNS,1,128869.0,1500,1499,0.08950643377690604,0.4893903949183537,1501,119464.82,138338.0,131956.0,129160.0,128869.0,serene-full,ALNS
bier127,serene-full|ALNS,2,125812.0,1500,1499,0.0636614193199303,0.28391594751531873,1501,119464.82,126912.0,125812.0,125812.0,125812.0,serene-full,ALNS
bier127,serene-full|ALNS,3,131756.0,1500,1499,0.11391420503542382,0.46225095975960556,1501,119464.82,132161.0,132161.0,131756.0,131756.0,serene-full,ALNS
bier127,serene-full|ALNS,4,133895.0,1500,1499,0.13199810622072672,0.5687113663340927,1501,119464.82,137938.0,133955.0,133955.0,133895.0,serene-full,ALNS
bier127,serene-noctx|ALNS,0,135156.0,1500,1499,0.14265906900458236,0.6009025269213907,1501,119464.82,136772.0,136496.0,136433.0,135156.0,serene-noctx,ALNS
bier127,serene-noctx|ALNS,1,127785.0,1500,1499,0.08034189479379794,0.3646796915936822,1501,119464.82,128964.0,128584.0,127785.0,127785.0,serene-noctx,ALNS
bier127,serene-noctx|ALNS,2,126878.0,1500,1499,0.07267377961143717,0.315522633216772,1501,119464.82,129448.0,127587.0,126878.0,126878.0,serene-noctx,ALNS
bier127,serene-noctx|ALNS,3,133194.0,1500,1499,0.1260715916200268,0.5445645418284089,1501,119464.82,135738.0,134686.0,133654.0,133194.0,serene-noctx,ALNS
bier127,serene-noctx|ALNS,4,128107.0,1500,1499,0.0830642024991124,0.4142152855752676,1501,119464.82,133410.0,129364.0,128165.0,128107.0,serene-noctx,ALNS
bier127,serene-nogate|ALNS,0,134771.0,1500,1499,0.13940413587866285,0.6439688599446067,1501,119464.82,139871.0,136676.0,136486.0,134771.0,serene-nogate,ALNS
bier127,serene-nogate|ALNS,1,133829.0,1500,1499,0.13144011768485475,0.7098163250029408,1501,119464.82,144360.0,141253.0,135890.0,133829.0,serene-nogate,ALNS
bier127,serene-nogate|ALNS,2,128717.0,1500,1499,0.08822136927004953,0.3644439596633623,1501,119464.82,129460.0,129145.0,128717.0,128717.0,serene-nogate,ALNS
bier127,serene-nogate|ALNS,3,130690.0,1500,1499,0.10490184474391717,0.5012965897789613,1501,119464.82,132439.0,132439.0,130690.0,130690.0,serene-nogate,ALNS
bier127,serene-nogate|ALNS,4,132820.0,1500,1499,0.12290965658341935,0.567813138280239,1501,119464.82,137171.0,134338.0,133800.0,132820.0,serene-nogate,ALNS
bier127,serene-plainTS|ALNS,0,132993.0,1500,1499,0.1243722628971442,0.595682033514057,1501,119464.82,138075.0,134728.0,133901.0,132993.0,serene-plainTS,ALNS
bier127,serene-plainTS|ALNS,1,134360.0,1500,1499,0.13592938908709695,0.670857741704362,1501,119464.82,142637.0,138177.0,134641.0,134360.0,serene-plainTS,ALNS
bier127,serene-plainTS|ALNS,2,129399.0,1500,1499,0.09398725080739245,0.38527980066942563,1501,119464.82,129944.0,129673.0,129399.0,129399.0,serene-plainTS,ALNS
bier127,serene-plainTS|ALNS,3,132636.0,1500,1499,0.12135405218038242,0.6061995872231669,1501,119464.82,138376.0,137176.0,134982.0,132636.0,serene-plainTS,ALNS
bier127,serene-plainTS|ALNS,4,133228.0,1500,1499,0.12635904025971834,0.6367567503983403,1501,119464.82,141281.0,139419.0,134045.0,133228.0,serene-plainTS,ALNS
bier127,serene-noexpl|ALNS,0,137187.0,1500,1499,0.15982989804027659,0.6342820784275982,1501,119464.82,138309.0,137933.0,137187.0,137187.0,serene-noexpl,ALNS
bier127,serene-noexpl|ALNS,1,132007.0,1500,1499,0.11603625234608805,0.48260190561740074,1501,119464.82,133226.0,133017.0,133017.0,132007.0,serene-noexpl,ALNS
bier127,serene-noexpl|ALNS,2,126215.0,1500,1499,0.06706853113745126,0.26587717215788176,1501,119464.82,126222.0,126222.0,126215.0,126215.0,serene-noexpl,ALNS
bier127,serene-noexpl|ALNS,3,130172.0,1500,1499,0.10052248017449816,0.4188664249890389,1501,119464.82,131061.0,131061.0,130257.0,130172.0,serene-noexpl,ALNS
bier127,serene-noexpl|ALNS,4,128672.0,1500,1499,0.08784092254104592,0.3738114486755852,1501,119464.82,129482.0,129482.0,129482.0,128672.0,serene-noexpl,ALNS
bier127,roulette|ALNS,0,130259.0,1500,1499,0.10125801051723848,0.5384740945109237,1501,119464.82,139531.0,132527.0,131722.0,130259.0,roulette,ALNS
bier127,roulette|ALNS,1,135666.0,1500,1499,0.146970798599956,0.5848868713440912,1501,119464.82,135676.0,135676.0,135666.0,135666.0,roulette,ALNS
bier127,roulette|ALNS,2,129902.0,1500,1499,0.09823979980047692,0.436279405002513,1501,119464.82,133806.0,131753.0,130105.0,129902.0,roulette,ALNS
bier127,roulette|ALNS,3,131413.0,1500,1499,0.11101435552324102,0.4925771817822121,1501,119464.82,134620.0,132194.0,131413.0,131413.0,roulette,ALNS
bier127,roulette|ALNS,4,130073.0,1500,1499,0.09968549737069043,0.5594532097141574,1501,119464.82,135374.0,134870.0,133181.0,130073.0,roulette,ALNS
bier127,uniform|ALNS,0,139046.0,1500,1499,0.17554657513400174,0.7262518366430334,1501,119464.82,142387.0,139714.0,139714.0,139046.0,uniform,ALNS
bier127,uniform|ALNS,1,134056.0,1500,1499,0.13335926007338395,0.6414518195331131,1501,119464.82,140416.0,138385.0,137799.0,134056.0,uniform,ALNS
bier127,uniform|ALNS,2,128605.0,1500,1499,0.08727447963341839,0.39540863837113555,1501,119464.82,131305.0,129995.0,128768.0,128605.0,uniform,ALNS
bier127,uniform|ALNS,3,132847.0,1500,1499,0.12313792462082152,0.5828275640819992,1501,119464.82,139791.0,134598.0,132847.0,132847.0,uniform,ALNS
bier127,uniform|ALNS,4,131559.0,1500,1499,0.1122486937995637,0.514527712724434,1501,119464.82,134904.0,134904.0,133551.0,131559.0,uniform,ALNS
ch130,serene-full|ALNS,0,6911.0,1500,1499,0.13109656301145667,0.5575174603174603,1501,6171.1,7076.0,7029.0,7029.0,6911.0,serene-full,ALNS
ch130,serene-full|ALNS,1,6911.0,1500,1499,0.13109656301145667,0.5649178571428571,1501,6171.1,7240.0,6911.0,6911.0,6911.0,serene-full,ALNS
ch130,serene-full|ALNS,2,6838.0,1500,1499,0.11914893617021272,0.5059821428571429,1501,6171.1,7001.0,6936.0,6838.0,6838.0,serene-full,ALNS
ch130,serene-full|ALNS,3,7156.0,1500,1499,0.17119476268412437,0.6648714285714287,1501,6171.1,7218.0,7218.0,7218.0,7156.0,serene-full,ALNS
ch130,serene-full|ALNS,4,6651.0,1500,1499,0.0885433715220949,0.42115515873015874,1501,6171.1,6991.0,6651.0,6651.0,6651.0,serene-full,ALNS
ch130,serene-noctx|ALNS,0,6642.0,1500,1499,0.0870703764320786,0.3836876984126984,1501,6171.1,6772.0,6710.0,6687.0,6642.0,serene-noctx,ALNS
ch130,serene-noctx|ALNS,1,6967.0,1500,1499,0.14026186579378064,0.5482317460317462,1501,6171.1,6979.0,6979.0,6967.0,6967.0,serene-noctx,ALNS
ch130,serene-noctx|ALNS,2,6882.0,1500,1499,0.1263502454991816,0.5080369047619048,1501,6171.1,6946.0,6902.0,6902.0,6882.0,serene-noctx,ALNS
ch130,serene-noctx|ALNS,3,7059.0,1500,1499,0.15531914893617027,0.6319289682539683,1501,6171.1,7201.0,7201.0,7064.0,7059.0,serene-noctx,ALNS
ch130,serene-noctx|ALNS,4,6644.0,1500,1499,0.08739770867430452,0.4358031746031746,1501,6171.1,6848.0,6810.0,6768.0,6644.0,serene-noctx,ALNS
ch130,serene-nogate|ALNS,0,6756.0,1500,1499,0.10572831423895246,0.47147420634920645,1501,6171.1,7098.0,6783.0,6781.0,6756.0,serene-nogate,ALNS
ch130,serene-nogate|ALNS,1,6992.0,1500,1499,0.14435351882160385,0.6530436507936508,1501,6171.1,7337.0,7123.0,7084.0,6992.0,serene-nogate,ALNS
ch130,serene-nogate|ALNS,2,7042.0,1500,1499,0.1525368248772505,0.6499888888888888,1501,6171.1,7169.0,7169.0,7154.0,7042.0,serene-nogate,ALNS
ch130,serene-nogate|ALNS,3,7015.0,1500,1499,0.14811783960720137,0.639668253968254,1501,6171.1,7381.0,7143.0,7018.0,7015.0,serene-nogate,ALNS
ch130,serene-nogate|ALNS,4,6711.0,1500,1499,0.09836333878887071,0.4879575396825397,1501,6171.1,6922.0,6894.0,6864.0,6711.0,serene-nogate,ALNS
ch130,serene-plainTS|ALNS,0,6692.0,1500,1499,0.09525368248772503,0.45888928571428567,1501,6171.1,6975.0,6801.0,6774.0,6692.0,serene-plainTS,ALNS
ch130,serene-plainTS|ALNS,1,7072.0,1500,1499,0.1574468085106382,0.6314670634920635,1501,6171.1,7234.0,7073.0,7072.0,7072.0,serene-plainTS,ALNS
ch130,serene-plainTS|ALNS,2,6984.0,1500,1499,0.1430441898527004,0.6179043650793651,1501,6171.1,7265.0,7080.0,6984.0,6984.0,serene-plainTS,ALNS
ch130,serene-plainTS|ALNS,3,6682.0,1500,1499,0.09361702127659566,0.5628142857142857,1501,6171.1,7167.0,7090.0,6833.0,6682.0,serene-plainTS,ALNS
ch130,serene-plainTS|ALNS,4,6559.0,1500,1499,0.0734860883797055,0.4875087301587302,1501,6171.1,7269.0,6959.0,6626.0,6559.0,serene-plainTS,ALNS
ch130,serene-noexpl|ALNS,0,6605.0,1500,1499,0.08101472995090009,0.38498333333333334,1501,6171.1,6797.0,6694.0,6685.0,6605.0,serene-noexpl,ALNS
ch130,serene-noexpl|ALNS,1,6915.0,1500,1499,0.13175122749590829,0.5068960317460317,1501,6171.1,6970.0,6934.0,6934.0,6915.0,serene-noexpl,ALNS
ch130,serene-noexpl|ALNS,2,6762.0,1500,1499,0.10671031096563022,0.4245746031746032,1501,6171.1,6850.0,6762.0,6762.0,6762.0,serene-noexpl,ALNS
ch130,serene-noexpl|ALNS,3,7094.0,1500,1499,0.16104746317512264,0.6004623015873015,1501,6171.1,7094.0,7094.0,7094.0,7094.0,serene-noexpl,ALNS
ch130,serene-noexpl|ALNS,4,6641.0,1500,1499,0.08690671031096553,0.3528460317460317,1501,6171.1,6671.0,6644.0,6641.0,6641.0,serene-noexpl,ALNS
ch130,roulette|ALNS,0,6744.0,1500,1499,0.10376432078559739,0.4516456349206349,1501,6171.1,7018.0,6746.0,6746.0,6744.0,roulette,ALNS
ch130,roulette|ALNS,1,7052.0,1500,1499,0.15417348608837966,0.6701444444444444,1501,6171.1,7327.0,7172.0,7052.0,7052.0,roulette,ALNS
ch130,roulette|ALNS,2,6781.0,1500,1499,0.10981996726677568,0.5089281746031746,1501,6171.1,7007.0,6845.0,6819.0,6781.0,roulette,ALNS
ch130,roulette|ALNS,3,6916.0,1500,1499,0.13191489361702136,0.5683365079365079,1501,6171.1,7224.0,6971.0,6916.0,6916.0,roulette,ALNS
ch130,roulette|ALNS,4,6858.0,1500,1499,0.12242225859247147,0.5061349206349206,1501,6171.1,6937.0,6920.0,6892.0,6858.0,roulette,ALNS
ch130,uniform|ALNS,0,6713.0,1500,1499,0.09869067103109663,0.43217976190476187,1501,6171.1,6829.0,6732.0,6721.0,6713.0,uniform,ALNS
ch130,uniform|ALNS,1,6971.0,1500,1499,0.14091653027823248,0.6127599206349207,1501,6171.1,7271.0,7027.0,7005.0,6971.0,uniform,ALNS
ch130,uniform|ALNS,2,7056.0,1500,1499,0.1548281505728315,0.6385980158730158,1501,6171.1,7257.0,7114.0,7061.0,7056.0,uniform,ALNS
ch130,uniform|ALNS,3,7000.0,1500,1499,0.1456628477905073,0.5865984126984127,1501,6171.1,7127.0,7000.0,7000.0,7000.0,uniform,ALNS
ch130,uniform|ALNS,4,6716.0,1500,1499,0.0991816693944354,0.5668908730158729,1501,6171.1,7175.0,7038.0,6990.0,6716.0,uniform,ALNS
ch150,serene-full|ALNS,0,6801.0,1500,1499,0.041819852941176405,0.21957972972972975,1501,6593.28,6891.0,6815.0,6801.0,6801.0,serene-full,ALNS
ch150,serene-full|ALNS,1,6729.0,1500,1499,0.030790441176470562,0.20261396396396397,1501,6593.28,6874.0,6816.0,6747.0,6729.0,serene-full,ALNS
ch150,serene-full|ALNS,2,6943.0,1500,1499,0.06357230392156854,0.44725990990990994,1501,6593.28,7187.0,7144.0,7029.0,6943.0,serene-full,ALNS
ch150,serene-full|ALNS,3,7091.0,1500,1499,0.08624387254901955,0.4420292792792793,1501,6593.28,7194.0,7091.0,7091.0,7091.0,serene-full,ALNS
ch150,serene-full|ALNS,4,6854.0,1500,1499,0.04993872549019618,0.33256621621621624,1501,6593.28,7065.0,7009.0,6968.0,6854.0,serene-full,ALNS
ch150,serene-noctx|ALNS,0,6869.0,1500,1499,0.052236519607843146,0.25664189189189185,1501,6593.28,6990.0,6870.0,6869.0,6869.0,serene-noctx,ALNS
ch150,serene-noctx|ALNS,1,6764.0,1500,1499,0.03615196078431371,0.19473423423423425,1501,6593.28,6850.0,6769.0,6767.0,6764.0,serene-noctx,ALNS
ch150,serene-noctx|ALNS,2,7009.0,1500,1499,0.07368259803921573,0.41298288288288293,1501,6593.28,7192.0,7040.0,7040.0,7009.0,serene-noctx,ALNS
ch150,serene-noctx|ALNS,3,7026.0,1500,1499,0.07628676470588225,0.37225675675675673,1501,6593.28,7049.0,7026.0,7026.0,7026.0,serene-noctx,ALNS
ch150,serene-noctx|ALNS,4,7000.0,1500,1499,0.07230392156862742,0.3681045045045045,1501,6593.28,7129.0,7020.0,7000.0,7000.0,serene-noctx,ALNS
ch150,serene-nogate|ALNS,0,6838.0,1500,1499,0.047487745098039325,0.2736211711711712,1501,6593.28,6982.0,6898.0,6869.0,6838.0,serene-nogate,ALNS
ch150,serene-nogate|ALNS,1,6863.0,1500,1499,0.05131740196078427,0.2602981981981982,1501,6593.28,6960.0,6875.0,6875.0,6863.0,serene-nogate,ALNS
ch150,serene-nogate|ALNS,2,7095.0,1500,1499,0.08685661764705888,0.6406121621621622,1501,6593.28,7755.0,7449.0,7241.0,7095.0,serene-nogate,ALNS
ch150,serene-nogate|ALNS,3,6962.0,1500,1499,0.06648284313725483,0.42510540540540537,1501,6593.28,7307.0,7056.0,6985.0,6962.0,serene-nogate,ALNS
ch150,serene-nogate|ALNS,4,7066.0,1500,1499,0.0824142156862746,0.3948801801801802,1501,6593.28,7150.0,7071.0,7066.0,7066.0,serene-nogate,ALNS
ch150,serene-plainTS|ALNS,0,6794.0,1500,1499,0.040747549019607865,0.2537234234234234,1501,6593.28,6927.0,6837.0,6826.0,6794.0,serene-plainTS,ALNS
ch150,serene-plainTS|ALNS,1,6772.0,1500,1499,0.037377450980392135,0.22193963963963964,1501,6593.28,6901.0,6817.0,6772.0,6772.0,serene-plainTS,ALNS
ch150,serene-plainTS|ALNS,2,7081.0,1500,1499,0.08471200980392157,0.5405027027027026,1501,6593.28,7512.0,7202.0,7126.0,7081.0,serene-plainTS,ALNS
ch150,serene-plainTS|ALNS,3,6959.0,1500,1499,0.0660232843137254,0.46488963963963964,1501,6593.28,7273.0,7194.0,7027.0,6959.0,serene-plainTS,ALNS
ch150,serene-plainTS|ALNS,4,7129.0,1500,1499,0.09206495098039214,0.4402301801801802,1501,6593.28,7225.0,7163.0,7129.0,7129.0,serene-plainTS,ALNS
ch150,serene-noexpl|ALNS,0,6812.0,1500,1499,0.04350490196078427,0.20338153153153152,1501,6593.28,6812.0,6812.0,6812.0,6812.0,serene-noexpl,ALNS
ch150,serene-noexpl|ALNS,1,6769.0,1500,1499,0.0369178921568627,0.18284774774774776,1501,6593.28,6783.0,6769.0,6769.0,6769.0,serene-noexpl,ALNS
ch150,serene-noexpl|ALNS,2,6946.0,1500,1499,0.06403186274509798,0.3339175675675676,1501,6593.28,6998.0,6998.0,6961.0,6946.0,serene-noexpl,ALNS
ch150,serene-noexpl|ALNS,3,6957.0,1500,1499,0.06571691176470584,0.3154531531531531,1501,6593.28,6957.0,6957.0,6957.0,6957.0,serene-noexpl,ALNS
ch150,serene-noexpl|ALNS,4,7051.0,1500,1499,0.08011642156862742,0.3689882882882883,1501,6593.28,7065.0,7065.0,7051.0,7051.0,serene-noexpl,ALNS
ch150,roulette|ALNS,0,6771.0,1500,1499,0.03722426470588225,0.23201846846846844,1501,6593.28,6993.0,6870.0,6771.0,6771.0,roulette,ALNS
ch150,roulette|ALNS,1,6735.0,1500,1499,0.03170955882352944,0.21617702702702704,1501,6593.28,6915.0,6787.0,6787.0,6735.0,roulette,ALNS
ch150,roulette|ALNS,2,7123.0,1500,1499,0.09114583333333326,0.5998054054054054,1501,6593.28,7620.0,7290.0,7163.0,7123.0,roulette,ALNS
ch150,roulette|ALNS,3,7137.0,1500,1499,0.09329044117647056,0.5589563063063064,1501,6593.28,7415.0,7362.0,7205.0,7137.0,roulette,ALNS
ch150,roulette|ALNS,4,6969.0,1500,1499,0.0675551470588236,0.3951671171171171,1501,6593.28,7178.0,7145.0,6977.0,6969.0,roulette,ALNS
ch150,uniform|ALNS,0,6814.0,1500,1499,0.04381127450980382,0.24372657657657654,1501,6593.28,6926.0,6843.0,6843.0,6814.0,uniform,ALNS
ch150,uniform|ALNS,1,6881.0,1500,1499,0.054074754901960675,0.2891581081081081,1501,6593.28,7036.0,6899.0,6881.0,6881.0,uniform,ALNS
ch150,uniform|ALNS,2,7109.0,1500,1499,0.08900122549019618,0.6117310810810811,1501,6593.28,7720.0,7347.0,7168.0,7109.0,uniform,ALNS
ch150,uniform|ALNS,3,7115.0,1500,1499,0.08992034313725483,0.5700995495495496,1501,6593.28,7465.0,7399.0,7139.0,7115.0,uniform,ALNS
ch150,uniform|ALNS,4,6944.0,1500,1499,0.06372549019607843,0.33434594594594597,1501,6593.28,7092.0,7003.0,6966.0,6944.0,uniform,ALNS
kroA150,serene-full|ALNS,0,29702.0,1500,1499,0.11981601568390898,0.4299043081199126,1501,26789.24,30049.0,29702.0,29702.0,29702.0,serene-full,ALNS
kroA150,serene-full|ALNS,1,29090.0,1500,1499,0.09674257276428899,0.36587746674607896,1501,26789.24,29700.0,29090.0,29090.0,29090.0,serene-full,ALNS
kroA150,serene-full|ALNS,2,29678.0,1500,1499,0.11891117478510038,0.4597768513003772,1501,26789.24,30742.0,29985.0,29678.0,29678.0,serene-full,ALNS
kroA150,serene-full|ALNS,3,29714.0,1500,1499,0.12026843613331328,0.4494209251538614,1501,26789.24,30227.0,30172.0,29871.0,29714.0,serene-full,ALNS
kroA150,serene-full|ALNS,4,28928.0,1500,1499,0.09063489669733071,0.35632733770101244,1501,26789.24,30148.0,28928.0,28928.0,28928.0,serene-full,ALNS
kroA150,serene-noctx|ALNS,0,29190.0,1500,1499,0.10051274317599157,0.4878821520746476,1501,26789.24,31703.0,30563.0,29190.0,29190.0,serene-noctx,ALNS
kroA150,serene-noctx|ALNS,1,28592.0,1500,1499,0.07796712411400986,0.34351494937462773,1501,26789.24,30103.0,28660.0,28592.0,28592.0,serene-noctx,ALNS
kroA150,serene-noctx|ALNS,2,30153.0,1500,1499,0.13681948424068757,0.507796545562835,1501,26789.24,31122.0,30223.0,30153.0,30153.0,serene-noctx,ALNS
kroA150,serene-noctx|ALNS,3,30001.0,1500,1499,0.13108882521489962,0.4672584474885845,1501,26789.24,30332.0,30035.0,30035.0,30001.0,serene-noctx,ALNS
kroA150,serene-noctx|ALNS,4,29343.0,1500,1499,0.10628110390589662,0.4530148898153663,1501,26789.24,30960.0,29731.0,29441.0,29343.0,serene-noctx,ALNS
kroA150,serene-nogate|ALNS,0,29683.0,1500,1499,0.11909968330568543,0.6199968235060552,1501,26789.24,32103.0,31338.0,30427.0,29683.0,serene-nogate,ALNS
kroA150,serene-nogate|ALNS,1,30269.0,1500,1499,0.14119288191826262,0.49909994044073863,1501,26789.24,31240.0,30370.0,30269.0,30269.0,serene-nogate,ALNS
kroA150,serene-nogate|ALNS,2,31147.0,1500,1499,0.17429497813301165,0.6424365296803654,1501,26789.24,32601.0,31567.0,31147.0,31147.0,serene-nogate,ALNS
kroA150,serene-nogate|ALNS,3,30529.0,1500,1499,0.1509953249886895,0.5925734365693865,1501,26789.24,31993.0,31306.0,30954.0,30529.0,serene-nogate,ALNS
kroA150,serene-nogate|ALNS,4,29906.0,1500,1499,0.1275071633237823,0.5079626761961485,1501,26789.24,31284.0,30754.0,30075.0,29906.0,serene-nogate,ALNS
kroA150,serene-plainTS|ALNS,0,29528.0,1500,1499,0.1132559191675464,0.5440586063132817,1501,26789.24,31374.0,30426.0,30186.0,29528.0,serene-plainTS,ALNS
kroA150,serene-plainTS|ALNS,1,29591.0,1500,1499,0.11563112652691898,0.4530069485805043,1501,26789.24,30696.0,30113.0,29913.0,29591.0,serene-plainTS,ALNS
kroA150,serene-plainTS|ALNS,2,31090.0,1500,1499,0.17214598099834122,0.6557936073059362,1501,26789.24,32389.0,31617.0,31506.0,31090.0,serene-plainTS,ALNS
kroA150,serene-plainTS|ALNS,3,30468.0,1500,1499,0.1486955210375509,0.5601439745880483,1501,26789.24,31274.0,31170.0,30468.0,30468.0,serene-plainTS,ALNS
kroA150,serene-plainTS|ALNS,4,29008.0,1500,1499,0.09365103302669286,0.47154131427436974,1501,26789.24,31789.0,29528.0,29008.0,29008.0,serene-plainTS,ALNS
kroA150,serene-noexpl|ALNS,0,28475.0,1500,1499,0.07355602473231793,0.27593877307921383,1501,26789.24,28679.0,28475.0,28475.0,28475.0,serene-noexpl,ALNS
kroA150,serene-noexpl|ALNS,1,28825.0,1500,1499,0.08675162117327706,0.3773610482430017,1501,26789.24,29865.0,29645.0,29268.0,28825.0,serene-noexpl,ALNS
kroA150,serene-noexpl|ALNS,2,29656.0,1500,1499,0.11808173729452576,0.4779102640460592,1501,26789.24,30738.0,30208.0,30207.0,29656.0,serene-noexpl,ALNS
kroA150,serene-noexpl|ALNS,3,29950.0,1500,1499,0.12916603830493134,0.4465805836807624,1501,26789.24,30407.0,30008.0,29950.0,29950.0,serene-noexpl,ALNS
kroA150,serene-noexpl|ALNS,4,29346.0,1500,1499,0.1063942090182477,0.3670669049037125,1501,26789.24,29475.0,29346.0,29346.0,29346.0,serene-noexpl,ALNS
kroA150,roulette|ALNS,0,30663.0,1500,1499,0.156047353340371,0.6239028786976374,1501,26789.24,32188.0,31464.0,30967.0,30663.0,roulette,ALNS
kroA150,roulette|ALNS,1,29913.0,1500,1499,0.12777107525260134,0.47700281913837594,1501,26789.24,30406.0,30096.0,29913.0,29913.0,roulette,ALNS
kroA150,roulette|ALNS,2,29670.0,1500,1499,0.11860956115216403,0.5804721064125472,1501,26789.24,32432.0,31335.0,29835.0,29670.0,roulette,ALNS
kroA150,roulette|ALNS,3,29961.0,1500,1499,0.12958075705021876,0.5320086559459997,1501,26789.24,31874.0,30134.0,30083.0,29961.0,roulette,ALNS
kroA150,roulette|ALNS,4,29283.0,1500,1499,0.1040190016588749,0.45759269406392694,1501,26789.24,30971.0,30332.0,29621.0,29283.0,roulette,ALNS
kroA150,uniform|ALNS,0,29901.0,1500,1499,0.12731865480319704,0.5134433194361724,1501,26789.24,31298.0,30126.0,30015.0,29901.0,uniform,ALNS
kroA150,uniform|ALNS,1,29755.0,1500,1499,0.12181420600211124,0.5168702005161803,1501,26789.24,31249.0,31065.0,30088.0,29755.0,uniform,ALNS
kroA150,uniform|ALNS,2,29159.0,1500,1499,0.09934399034836372,0.47715560849712135,1501,26789.24,31617.0,30465.0,29164.0,29159.0,uniform,ALNS
kroA150,uniform|ALNS,3,30359.0,1500,1499,0.1445860352887951,0.5664661504864007,1501,26789.24,31938.0,30900.0,30359.0,30359.0,uniform,ALNS
kroA150,uniform|ALNS,4,30579.0,1500,1499,0.15288041019454068,0.5631984117530275,1501,26789.24,32027.0,30874.0,30684.0,30579.0,uniform,ALNS
u159,serene-full|ALNS,0,47123.0,1500,1499,0.11984315589353622,0.4066283375821817,1501,42500.8,48146.0,47123.0,47123.0,47123.0,serene-full,ALNS
u159,serene-full|ALNS,1,49509.0,1500,1499,0.17654467680608366,0.5522155731472785,1501,42500.8,50371.0,50182.0,49640.0,49509.0,serene-full,ALNS
u159,serene-full|ALNS,2,46872.0,1500,1499,0.11387832699619782,0.38256397871103354,1501,42500.8,47242.0,47133.0,46872.0,46872.0,serene-full,ALNS
u159,serene-full|ALNS,3,51125.0,1500,1499,0.21494771863117879,0.6250645824947451,1501,42500.8,51125.0,51125.0,51125.0,51125.0,serene-full,ALNS
u159,serene-full|ALNS,4,48087.0,1500,1499,0.14275190114068437,0.4280033990786707,1501,42500.8,48243.0,48087.0,48087.0,48087.0,serene-full,ALNS
u159,serene-noctx|ALNS,0,47537.0,1500,1499,0.12968155893536126,0.4631509459278143,1501,42500.8,49727.0,47693.0,47673.0,47537.0,serene-noctx,ALNS
u159,serene-noctx|ALNS,1,48555.0,1500,1499,0.15387357414448677,0.48229719576009655,1501,42500.8,49309.0,48770.0,48610.0,48555.0,serene-noctx,ALNS
u159,serene-noctx|ALNS,2,47508.0,1500,1499,0.12899239543726226,0.4022989400241513,1501,42500.8,47794.0,47508.0,47508.0,47508.0,serene-noctx,ALNS
u159,serene-noctx|ALNS,3,50700.0,1500,1499,0.20484790874524705,0.6007371528243661,1501,42500.8,50920.0,50782.0,50782.0,50700.0,serene-noctx,ALNS
u159,serene-noctx|ALNS,4,47598.0,1500,1499,0.13113117870722424,0.45634880808622924,1501,42500.8,50238.0,48083.0,47598.0,47598.0,serene-noctx,ALNS
u159,serene-nogate|ALNS,0,48047.0,1500,1499,0.14180133079847912,0.5129528154210833,1501,42500.8,50488.0,49202.0,48631.0,48047.0,serene-nogate,ALNS
u159,serene-nogate|ALNS,1,50594.0,1500,1499,0.20232889733840298,0.616713672346706,1501,42500.8,51734.0,50835.0,50760.0,50594.0,serene-nogate,ALNS
u159,serene-nogate|ALNS,2,47607.0,1500,1499,0.1313450570342205,0.494798067892124,1501,42500.8,51621.0,47828.0,47731.0,47607.0,serene-nogate,ALNS
u159,serene-nogate|ALNS,3,48808.0,1500,1499,0.15988593155893538,0.5988746366116552,1501,42500.8,52034.0,50584.0,49840.0,48808.0,serene-nogate,ALNS
u159,serene-nogate|ALNS,4,48186.0,1500,1499,0.1451045627376426,0.5097626906391162,1501,42500.8,50392.0,49561.0,48351.0,48186.0,serene-nogate,ALNS
u159,serene-plainTS|ALNS,0,48806.0,1500,1499,0.15983840304182517,0.6876512813632095,1501,42500.8,53789.0,53010.0,50028.0,48806.0,serene-plainTS,ALNS
u159,serene-plainTS|ALNS,1,49000.0,1500,1499,0.164448669201521,0.5640916856746724,1501,42500.8,51257.0,50318.0,49223.0,49000.0,serene-plainTS,ALNS
u159,serene-plainTS|ALNS,2,47302.0,1500,1499,0.12409695817490496,0.5701448633659824,1501,42500.8,52778.0,50016.0,49558.0,47302.0,serene-plainTS,ALNS
u159,serene-plainTS|ALNS,3,50282.0,1500,1499,0.1949144486692016,0.5939741938369337,1501,42500.8,51595.0,50282.0,50282.0,50282.0,serene-plainTS,ALNS
u159,serene-plainTS|ALNS,4,48543.0,1500,1499,0.15358840304182508,0.5065943915201931,1501,42500.8,50274.0,49066.0,48543.0,48543.0,serene-plainTS,ALNS
u159,serene-noexpl|ALNS,0,47238.0,1500,1499,0.12257604562737634,0.4224111096202871,1501,42500.8,47789.0,47733.0,47538.0,47238.0,serene-noexpl,ALNS
u159,serene-noexpl|ALNS,1,49164.0,1500,1499,0.16834600760456264,0.48533051567601415,1501,42500.8,49377.0,49164.0,49164.0,49164.0,serene-noexpl,ALNS
u159,serene-noexpl|ALNS,2,47074.0,1500,1499,0.11867870722433449,0.3524536428283912,1501,42500.8,47135.0,47074.0,47074.0,47074.0,serene-noexpl,ALNS
u159,serene-noexpl|ALNS,3,49471.0,1500,1499,0.17564163498098861,0.5299361778254842,1501,42500.8,49953.0,49480.0,49471.0,49471.0,serene-noexpl,ALNS
u159,serene-noexpl|ALNS,4,47872.0,1500,1499,0.1376425855513308,0.40753213471085475,1501,42500.8,47872.0,47872.0,47872.0,47872.0,serene-noexpl,ALNS
u159,roulette|ALNS,0,47100.0,1500,1499,0.11929657794676807,0.5431279574220672,1501,42500.8,52574.0,49658.0,47200.0,47100.0,roulette,ALNS
u159,roulette|ALNS,1,48881.0,1500,1499,0.16162072243346004,0.5222251442372199,1501,42500.8,50168.0,50104.0,48881.0,48881.0,roulette,ALNS
u159,roulette|ALNS,2,46920.0,1500,1499,0.11501901140684412,0.4765346840198578,1501,42500.8,50901.0,48447.0,46920.0,46920.0,roulette,ALNS
u159,roulette|ALNS,3,51115.0,1500,1499,0.2147100760456273,0.6586385795429133,1501,42500.8,52791.0,51136.0,51136.0,51115.0,roulette,ALNS
u159,roulette|ALNS,4,47702.0,1500,1499,0.1336026615969581,0.4393416968558522,1501,42500.8,49040.0,47930.0,47740.0,47702.0,roulette,ALNS
u159,uniform|ALNS,0,46153.0,1500,1499,0.09679182509505702,0.4457857238695827,1501,42500.8,50314.0,46934.0,46872.0,46153.0,uniform,ALNS
u159,uniform|ALNS,1,50375.0,1500,1499,0.197124524714829,0.6072899503555615,1501,42500.8,51617.0,50795.0,50795.0,50375.0,uniform,ALNS
u159,uniform|ALNS,2,46676.0,1500,1499,0.10922053231939155,0.4458043740775526,1501,42500.8,50475.0,48359.0,46896.0,46676.0,uniform,ALNS
u159,uniform|ALNS,3,51227.0,1500,1499,0.21737167300380222,0.6876295898743237,1501,42500.8,53315.0,52093.0,51658.0,51227.0,uniform,ALNS
u159,uniform|ALNS,4,49002.0,1500,1499,0.16449619771863122,0.4845922894583835,1501,42500.8,49497.0,49002.0,49002.0,49002.0,uniform,ALNS
rat195,serene-full|ALNS,0,2622.0,1500,1499,0.1287128712871286,0.6376341880341879,1501,2346.23,2809.0,2628.0,2622.0,2622.0,serene-full,ALNS
rat195,serene-full|ALNS,1,2634.0,1500,1499,0.13387860525182949,0.5603578347578347,1501,2346.23,2634.0,2634.0,2634.0,2634.0,serene-full,ALNS
rat195,serene-full|ALNS,2,2698.0,1500,1499,0.16142918639690063,0.6655715099715102,1501,2346.23,2735.0,2698.0,2698.0,2698.0,serene-full,ALNS
rat195,serene-full|ALNS,3,2635.0,1500,1499,0.13430908308222134,0.6055133903133902,1501,2346.23,2672.0,2638.0,2636.0,2635.0,serene-full,ALNS
rat195,serene-full|ALNS,4,2539.0,1500,1499,0.09298321136461474,0.48100398860398863,1501,2346.23,2630.0,2562.0,2557.0,2539.0,serene-full,ALNS
rat195,serene-noctx|ALNS,0,2650.0,1500,1499,0.14076625053809733,0.61008547008547,1501,2346.23,2673.0,2650.0,2650.0,2650.0,serene-noctx,ALNS
rat195,serene-noctx|ALNS,1,2528.0,1500,1499,0.08824795523030571,0.5011817663817663,1501,2346.23,2694.0,2601.0,2528.0,2528.0,serene-noctx,ALNS
rat195,serene-noctx|ALNS,2,2539.0,1500,1499,0.09298321136461474,0.5149618233618233,1501,2346.23,2642.0,2605.0,2580.0,2539.0,serene-noctx,ALNS
rat195,serene-noctx|ALNS,3,2696.0,1500,1499,0.16056823073611715,0.6936980056980057,1501,2346.23,2732.0,2712.0,2697.0,2696.0,serene-noctx,ALNS
rat195,serene-noctx|ALNS,4,2648.0,1500,1499,0.13990529487731385,0.5995544159544159,1501,2346.23,2675.0,2648.0,2648.0,2648.0,serene-noctx,ALNS
rat195,serene-nogate|ALNS,0,2637.0,1500,1499,0.13517003874300482,0.7178450142450143,1501,2346.23,2800.0,2718.0,2663.0,2637.0,serene-nogate,ALNS
rat195,serene-nogate|ALNS,1,2689.0,1500,1499,0.15755488592337485,0.7093447293447295,1501,2346.23,2773.0,2732.0,2703.0,2689.0,serene-nogate,ALNS
rat195,serene-nogate|ALNS,2,2621.0,1500,1499,0.12828239345673698,0.6230495726495725,1501,2346.23,2698.0,2687.0,2641.0,2621.0,serene-nogate,ALNS
rat195,serene-nogate|ALNS,3,2738.0,1500,1499,0.17864829961257,0.8226586894586895,1501,2346.23,2854.0,2803.0,2742.0,2738.0,serene-nogate,ALNS
rat195,serene-nogate|ALNS,4,2670.0,1500,1499,0.1493758071459319,0.6878005698005697,1501,2346.23,2808.0,2696.0,2683.0,2670.0,serene-nogate,ALNS
rat195,serene-plainTS|ALNS,0,2606.0,1500,1499,0.12182522600086099,0.7170655270655271,1501,2346.23,2815.0,2780.0,2638.0,2606.0,serene-plainTS,ALNS
rat195,serene-plainTS|ALNS,1,2660.0,1500,1499,0.14507102884201473,0.6818962962962963,1501,2346.23,2750.0,2727.0,2711.0,2660.0,serene-plainTS,ALNS
rat195,serene-plainTS|ALNS,2,2614.0,1500,1499,0.1252690486439949,0.6306347578347579,1501,2346.23,2748.0,2681.0,2643.0,2614.0,serene-plainTS,ALNS
rat195,serene-plainTS|ALNS,3,2748.0,1500,1499,0.1829530779164874,0.8236752136752139,1501,2346.23,2843.0,2793.0,2748.0,2748.0,serene-plainTS,ALNS
rat195,serene-plainTS|ALNS,4,2645.0,1500,1499,0.13861386138613851,0.6595396011396012,1501,2346.23,2778.0,2693.0,2645.0,2645.0,serene-plainTS,ALNS
rat195,serene-noexpl|ALNS,0,2547.0,1500,1499,0.09642703400774866,0.4873173789173789,1501,2346.23,2683.0,2547.0,2547.0,2547.0,serene-noexpl,ALNS
rat195,serene-noexpl|ALNS,1,2628.0,1500,1499,0.13129573826947905,0.5408421652421652,1501,2346.23,2628.0,2628.0,2628.0,2628.0,serene-noexpl,ALNS
rat195,serene-noexpl|ALNS,2,2578.0,1500,1499,0.10977184674989249,0.4746860398860399,1501,2346.23,2600.0,2600.0,2578.0,2578.0,serene-noexpl,ALNS
rat195,serene-noexpl|ALNS,3,2662.0,1500,1499,0.1459319845027982,0.665042735042735,1501,2346.23,2725.0,2703.0,2685.0,2662.0,serene-noexpl,ALNS
rat195,serene-noexpl|ALNS,4,2545.0,1500,1499,0.09556607834696518,0.41165584045584047,1501,2346.23,2552.0,2546.0,2545.0,2545.0,serene-noexpl,ALNS
rat195,roulette|ALNS,0,2706.0,1500,1499,0.16487300904003455,0.8213390313390315,1501,2346.23,2847.0,2836.0,2711.0,2706.0,roulette,ALNS
rat195,roulette|ALNS,1,2557.0,1500,1499,0.10073181231166606,0.5769424501424502,1501,2346.23,2716.0,2674.0,2602.0,2557.0,roulette,ALNS
rat195,roulette|ALNS,2,2631.0,1500,1499,0.13258717176065438,0.6151247863247863,1501,2346.23,2750.0,2631.0,2631.0,2631.0,roulette,ALNS
rat195,roulette|ALNS,3,2755.0,1500,1499,0.18596642272922947,0.8463669515669516,1501,2346.23,2848.0,2812.0,2769.0,2755.0,roulette,ALNS
rat195,roulette|ALNS,4,2680.0,1500,1499,0.1536805854498493,0.7146792022792022,1501,2346.23,2772.0,2728.0,2709.0,2680.0,roulette,ALNS
rat195,uniform|ALNS,0,2673.0,1500,1499,0.15066724063710724,0.7661356125356124,1501,2346.23,2847.0,2756.0,2713.0,2673.0,uniform,ALNS
rat195,uniform|ALNS,1,2684.0,1500,1499,0.15540249677141627,0.6825413105413105,1501,2346.23,2757.0,2700.0,2695.0,2684.0,uniform,ALNS
rat195,uniform|ALNS,2,2617.0,1500,1499,0.12656048213517002,0.5657458689458689,1501,2346.23,2694.0,2627.0,2623.0,2617.0,uniform,ALNS
rat195,uniform|ALNS,3,2755.0,1500,1499,0.18596642272922947,0.8073128205128205,1501,2346.23,2843.0,2764.0,2759.0,2755.0,uniform,ALNS
rat195,uniform|ALNS,4,2705.0,1500,1499,0.1644425312096427,0.7247817663817664,1501,2346.23,2766.0,2754.0,2726.0,2705.0,uniform,ALNS
kroA200,serene-full|ALNS,0,33163.0,1500,1499,0.12922228275674197,0.3901996039373289,1501,29661.68,33937.0,33380.0,33380.0,33163.0,serene-full,ALNS
kroA200,serene-full|ALNS,1,34762.0,1500,1499,0.1836692999182783,0.5174180790960452,1501,29661.68,35404.0,34848.0,34762.0,34762.0,serene-full,ALNS
kroA200,serene-full|ALNS,2,36478.0,1500,1499,0.24210024516480533,0.6738026093540684,1501,29661.68,37638.0,36478.0,36478.0,36478.0,serene-full,ALNS
kroA200,serene-full|ALNS,3,32925.0,1500,1499,0.12111822391718885,0.3437394140602248,1501,29661.68,33303.0,32925.0,32925.0,32925.0,serene-full,ALNS
kroA200,serene-full|ALNS,4,34134.0,1500,1499,0.1622854807954235,0.4461952355990447,1501,29661.68,34298.0,34139.0,34139.0,34134.0,serene-full,ALNS
kroA200,serene-noctx|ALNS,0,33193.0,1500,1499,0.13024380277853442,0.36571489312132327,1501,29661.68,33268.0,33193.0,33193.0,33193.0,serene-noctx,ALNS
kroA200,serene-noctx|ALNS,1,33952.0,1500,1499,0.1560882593298829,0.5105412662356574,1501,29661.68,35991.0,33975.0,33952.0,33952.0,serene-noctx,ALNS
kroA200,serene-noctx|ALNS,2,37148.0,1500,1499,0.2649141923181695,0.7197434911759566,1501,29661.68,37390.0,37390.0,37276.0,37148.0,serene-noctx,ALNS
kroA200,serene-noctx|ALNS,3,33529.0,1500,1499,0.14168482702260965,0.39820187547323666,1501,29661.68,33956.0,33529.0,33529.0,33529.0,serene-noctx,ALNS
kroA200,serene-noctx|ALNS,4,34103.0,1500,1499,0.161229910106238,0.4833114916419128,1501,29661.68,34989.0,34738.0,34555.0,34103.0,serene-noctx,ALNS
kroA200,serene-nogate|ALNS,0,35027.0,1500,1499,0.19269272677744476,0.5604452210379173,1501,29661.68,36453.0,35549.0,35364.0,35027.0,serene-nogate,ALNS
kroA200,serene-nogate|ALNS,1,36517.0,1500,1499,0.24342822119313534,0.7513452734579765,1501,29661.68,38823.0,38169.0,37044.0,36517.0,serene-nogate,ALNS
kroA200,serene-nogate|ALNS,2,36972.0,1500,1499,0.2589212748569871,0.7726405731259829,1501,29661.68,38664.0,38041.0,37279.0,36972.0,serene-nogate,ALNS
kroA200,serene-nogate|ALNS,3,33106.0,1500,1499,0.1272813947153364,0.4047273574465607,1501,29661.68,34577.0,33443.0,33144.0,33106.0,serene-nogate,ALNS
kroA200,serene-nogate|ALNS,4,34861.0,1500,1499,0.18704031599019344,0.5438791426408061,1501,29661.68,35811.0,35656.0,34956.0,34861.0,serene-nogate,ALNS
kroA200,serene-plainTS|ALNS,0,33733.0,1500,1499,0.14863116317079816,0.517883219756538,1501,29661.68,36095.0,35319.0,34177.0,33733.0,serene-plainTS,ALNS
kroA200,serene-plainTS|ALNS,1,33573.0,1500,1499,0.1431830563879053,0.5740474110315102,1501,29661.68,36654.0,36272.0,34804.0,33573.0,serene-plainTS,ALNS
kroA200,serene-plainTS|ALNS,2,37766.0,1500,1499,0.2859575047670935,0.813722290174151,1501,29661.68,39222.0,38249.0,38055.0,37766.0,serene-plainTS,ALNS
kroA200,serene-plainTS|ALNS,3,32692.0,1500,1499,0.11318441841460092,0.39574774302521987,1501,29661.68,34787.0,33671.0,32722.0,32692.0,serene-plainTS,ALNS
kroA200,serene-plainTS|ALNS,4,34421.0,1500,1499,0.17205802233723788,0.5413555244918166,1501,29661.68,36637.0,35396.0,34421.0,34421.0,serene-plainTS,ALNS
kroA200,serene-noexpl|ALNS,0,33335.0,1500,1499,0.13507899754835195,0.4448221795095812,1501,29661.68,34722.0,34356.0,33549.0,33335.0,serene-noexpl,ALNS
kroA200,serene-noexpl|ALNS,1,32807.0,1500,1499,0.11710024516480533,0.33040567301531826,1501,29661.68,32807.0,32807.0,32807.0,32807.0,serene-noexpl,ALNS
kroA200,serene-noexpl|ALNS,2,35927.0,1500,1499,0.22333832743121773,0.6169502591880716,1501,29661.68,36325.0,35927.0,35927.0,35927.0,serene-noexpl,ALNS
kroA200,serene-noexpl|ALNS,3,32375.0,1500,1499,0.10239035685099429,0.3061876055681752,1501,29661.68,32754.0,32555.0,32555.0,32375.0,serene-noexpl,ALNS
kroA200,serene-noexpl|ALNS,4,33884.0,1500,1499,0.15377281394715347,0.4115149397169317,1501,29661.68,34003.0,33889.0,33884.0,33884.0,serene-noexpl,ALNS
kroA200,roulette|ALNS,0,34215.0,1500,1499,0.16504358485426307,0.5205680587104665,1501,29661.68,36709.0,34865.0,34220.0,34215.0,roulette,ALNS
kroA200,roulette|ALNS,1,33882.0,1500,1499,0.15370471261236718,0.6103338575339274,1501,29661.68,37242.0,36605.0,34990.0,33882.0,roulette,ALNS
kroA200,roulette|ALNS,2,36392.0,1500,1499,0.23917188776900034,0.7187601491059468,1501,29661.68,38364.0,37680.0,36392.0,36392.0,roulette,ALNS
kroA200,roulette|ALNS,3,33956.0,1500,1499,0.15622446199945528,0.5013313530199779,1501,29661.68,35853.0,35158.0,34395.0,33956.0,roulette,ALNS
kroA200,roulette|ALNS,4,34635.0,1500,1499,0.17934486515935721,0.5396453491758402,1501,29661.68,35917.0,35286.0,34635.0,34635.0,roulette,ALNS
kroA200,uniform|ALNS,0,34754.0,1500,1499,0.18339689457913377,0.5621251674529676,1501,29661.68,36678.0,35521.0,34832.0,34754.0,uniform,ALNS
kroA200,uniform|ALNS,1,36117.0,1500,1499,0.22980795423590306,0.6690454307181548,1501,29661.68,37435.0,36509.0,36117.0,36117.0,uniform,ALNS
kroA200,uniform|ALNS,2,36837.0,1500,1499,0.2543244347589213,0.7750669229425127,1501,29661.68,38619.0,38146.0,37882.0,36837.0,uniform,ALNS
kroA200,uniform|ALNS,3,33493.0,1500,1499,0.14045900299645875,0.42880383248878795,1501,29661.68,34928.0,33697.0,33697.0,33493.0,uniform,ALNS
kroA200,uniform|ALNS,4,32787.0,1500,1499,0.11641923181694369,0.3493818510105422,1501,29661.68,33757.0,32787.0,32787.0,32787.0,uniform,ALNS
lin318,serene-full|ALNS,0,50579.0,1500,1499,0.2034309643341503,0.7485852123754587,1501,42449.29,50582.0,50582.0,50579.0,50579.0,serene-full,ALNS
lin318,serene-full|ALNS,1,49706.0,1500,1499,0.18265959218634742,0.7007079181961197,1501,42449.29,50033.0,49706.0,49706.0,49706.0,serene-full,ALNS
lin318,serene-full|ALNS,2,47979.0,1500,1499,0.14156891670037353,0.5919401619763444,1501,42449.29,49581.0,48680.0,48381.0,47979.0,serene-full,ALNS
lin318,serene-full|ALNS,3,50019.0,1500,1499,0.19010683099764458,0.8077326225018936,1501,42449.29,52381.0,50773.0,50019.0,50019.0,serene-full,ALNS
lin318,serene-full|ALNS,4,49131.0,1500,1499,0.16897856242118547,0.7212039853172522,1501,42449.29,50844.0,50260.0,49981.0,49131.0,serene-full,ALNS
lin318,serene-noctx|ALNS,0,49508.0,1500,1499,0.17794855932808296,0.7021531783487736,1501,42449.29,50798.0,49551.0,49508.0,49508.0,serene-noctx,ALNS
lin318,serene-noctx|ALNS,1,49910.0,1500,1499,0.18751338361607472,0.7619967371671619,1501,42449.29,51213.0,50605.0,49954.0,49910.0,serene-noctx,ALNS
lin318,serene-noctx|ALNS,2,48730.0,1500,1499,0.1594375312284375,0.6400195769970286,1501,42449.29,49887.0,49161.0,48730.0,48730.0,serene-noctx,ALNS
lin318,serene-noctx|ALNS,3,48856.0,1500,1499,0.1624354612291512,0.7167551710073996,1501,42449.29,50354.0,50150.0,49034.0,48856.0,serene-noctx,ALNS
lin318,serene-noctx|ALNS,4,49082.0,1500,1499,0.16781270075424115,0.699083143972499,1501,42449.29,51024.0,49417.0,49082.0,49082.0,serene-noctx,ALNS
lin318,serene-nogate|ALNS,0,49905.0,1500,1499,0.1873944181398559,0.7139056691720561,1501,42449.29,50665.0,49913.0,49905.0,49905.0,serene-nogate,ALNS
lin318,serene-nogate|ALNS,1,52347.0,1500,1499,0.2454971567251183,0.9052193672434891,1501,42449.29,52440.0,52349.0,52349.0,52347.0,serene-nogate,ALNS
lin318,serene-nogate|ALNS,2,49692.0,1500,1499,0.1823264888529348,0.6811193264580785,1501,42449.29,49737.0,49692.0,49692.0,49692.0,serene-nogate,ALNS
lin318,serene-nogate|ALNS,3,50740.0,1500,1499,0.2072616526683957,0.8259354425217037,1501,42449.29,51905.0,51389.0,50740.0,50740.0,serene-nogate,ALNS
lin318,serene-nogate|ALNS,4,51024.0,1500,1499,0.21401889171762356,0.8621898852182021,1501,42449.29,52142.0,52101.0,51524.0,51024.0,serene-nogate,ALNS
lin318,serene-plainTS|ALNS,0,51392.0,1500,1499,0.22277475076732722,0.8310180038454819,1501,42449.29,51562.0,51562.0,51562.0,51392.0,serene-plainTS,ALNS
lin318,serene-plainTS|ALNS,1,52444.0,1500,1499,0.24780508696376313,0.9104764901241039,1501,42449.29,52449.0,52449.0,52444.0,52444.0,serene-plainTS,ALNS
lin318,serene-plainTS|ALNS,2,49314.0,1500,1499,0.1733326988507935,0.6765724523684672,1501,42449.29,49939.0,49939.0,49469.0,49314.0,serene-plainTS,ALNS
lin318,serene-plainTS|ALNS,3,51883.0,1500,1499,0.2344571605320136,0.9250255200139836,1501,42449.29,52864.0,52790.0,51883.0,51883.0,serene-plainTS,ALNS
lin318,serene-plainTS|ALNS,4,50960.0,1500,1499,0.2124961336220228,0.833978034143215,1501,42449.29,52159.0,51609.0,50960.0,50960.0,serene-plainTS,ALNS
lin318,serene-noexpl|ALNS,0,48168.0,1500,1499,0.14606581170144417,0.5646328147759715,1501,42449.29,48434.0,48168.0,48168.0,48168.0,serene-noexpl,ALNS
lin318,serene-noexpl|ALNS,1,47958.0,1500,1499,0.1410692617002547,0.556482316611315,1501,42449.29,48365.0,48079.0,47958.0,47958.0,serene-noexpl,ALNS
lin318,serene-noexpl|ALNS,2,46064.0,1500,1499,0.09600513930857257,0.4095973314688575,1501,42449.29,46975.0,46894.0,46065.0,46064.0,serene-noexpl,ALNS
lin318,serene-noexpl|ALNS,3,47332.0,1500,1499,0.12617478407766058,0.6056891569073006,1501,42449.29,50125.0,48377.0,47509.0,47332.0,serene-noexpl,ALNS
lin318,serene-noexpl|ALNS,4,47572.0,1500,1499,0.13188512693616317,0.5105616151022548,1501,42449.29,47572.0,47572.0,47572.0,47572.0,serene-noexpl,ALNS
lin318,roulette|ALNS,0,50429.0,1500,1499,0.19986200004758614,0.7805575365612073,1501,42449.29,51058.0,51048.0,50972.0,50429.0,roulette,ALNS
lin318,roulette|ALNS,1,50799.0,1500,1499,0.20866544528777742,0.8571593544252171,1501,42449.29,52337.0,52337.0,51103.0,50799.0,roulette,ALNS
lin318,roulette|ALNS,2,48813.0,1500,1499,0.16141235813366972,0.6880666550136922,1501,42449.29,50523.0,50247.0,48895.0,48813.0,roulette,ALNS
lin318,roulette|ALNS,3,50946.0,1500,1499,0.21216303028861017,0.8670018644759075,1501,42449.29,53172.0,51120.0,50946.0,50946.0,roulette,ALNS
lin318,roulette|ALNS,4,50469.0,1500,1499,0.20081372385733665,0.8099579910272096,1501,42449.29,51552.0,51528.0,50469.0,50469.0,roulette,ALNS
lin318,uniform|ALNS,0,50001.0,1500,1499,0.18967855528325672,0.7712392355648781,1501,42449.29,51289.0,50627.0,50585.0,50001.0,uniform,ALNS
lin318,uniform|ALNS,1,51629.0,1500,1499,0.2284137143400986,0.8965761813202819,1501,42449.29,52439.0,52439.0,51875.0,51629.0,uniform,ALNS
lin318,uniform|ALNS,2,50338.0,1500,1499,0.19769682838040392,0.7487920526714444,1501,42449.29,50804.0,50698.0,50338.0,50338.0,uniform,ALNS
lin318,uniform|ALNS,3,52166.0,1500,1499,0.24119060648599766,0.931641496241916,1501,42449.29,53037.0,52594.0,52594.0,52166.0,uniform,ALNS
lin318,uniform|ALNS,4,49800.0,1500,1499,0.18489614313926106,0.771992483831498,1501,42449.29,51184.0,51131.0,50266.0,49800.0,uniform,ALNS
